entry,name,signature,raw_c,native_source,status,notes
10001000,std::bad_alloc::bad_alloc,"undefined __thiscall bad_alloc(bad_alloc * this, char * param_1)",raw-c/10001000_std_bad_alloc_bad_alloc.c,docs/ggponet/native-runtime-mappings.md,native-runtime-mapped,Native runtime mapping: clearly named MSVC CRT/STL/compiler support helper supplied by libc++/libSystem/compiler runtime; no GGPO protocol logic
10001030,FUN_10001030,undefined FUN_10001030(void),raw-c/10001030_FUN_10001030.c,docs/ggponet/native-runtime-mappings.md,native-runtime-mapped,Native runtime mapping: directly evidenced MSVC STL/CRT/compiler support helper supplied by libc++/libSystem/compiler runtime; no GGPO protocol logic
10001050,FUN_10001050,undefined FUN_10001050(void),raw-c/10001050_FUN_10001050.c,docs/ggponet/native-runtime-mappings.md,native-runtime-mapped,"Native runtime mapping: scalar deleting destructor for STL/CRT/support object; documented body only calls destructor and operator delete on flag bit, with no GGPO protocol logic"
10001080,FUN_10001080,undefined FUN_10001080(void),raw-c/10001080_FUN_10001080.c,docs/ggponet/native-runtime-mappings.md,native-runtime-mapped,Native runtime mapping: trivial no-op/getter/setter/return helper with no GGPO protocol behavior; covered by native compiler/runtime code generation
10001090,FUN_10001090,undefined FUN_10001090(void),raw-c/10001090_FUN_10001090.c,docs/ggponet/native-runtime-mappings.md,native-runtime-mapped,Native runtime mapping: directly evidenced MSVC STL/CRT/compiler support helper supplied by libc++/libSystem/compiler runtime; no GGPO protocol logic
100010a0,length,undefined length(void),raw-c/100010a0_length.c,docs/ggponet/native-runtime-mappings.md,native-runtime-mapped,Native runtime mapping: clearly named MSVC CRT/STL/compiler support helper supplied by libc++/libSystem/compiler runtime; no GGPO protocol logic
100010c0,FID_conflict:_Move_s,undefined FID_conflict:_Move_s(void),raw-c/100010c0_FID_conflict__Move_s.c,docs/ggponet/native-runtime-mappings.md,native-runtime-mapped,Native runtime mapping: MSVC CRT/STL/compiler support helper supplied by libc++/libSystem/compiler runtime; no GGPO protocol logic
100010e0,FID_conflict:_Move_s,undefined FID_conflict:_Move_s(void),raw-c/100010e0_FID_conflict__Move_s.c,docs/ggponet/native-runtime-mappings.md,native-runtime-mapped,Native runtime mapping: MSVC CRT/STL/compiler support helper supplied by libc++/libSystem/compiler runtime; no GGPO protocol logic
10001100,FUN_10001100,undefined FUN_10001100(void),raw-c/10001100_FUN_10001100.c,docs/ggponet/native-runtime-mappings.md,native-runtime-mapped,"Native runtime mapping: anonymous helper audited in final pass; docs show no export name, no Fightcade protocol strings, and only library/helper reachability from already mapped STL/CRT/compiler support graph"
10001110,FUN_10001110,undefined FUN_10001110(void),raw-c/10001110_FUN_10001110.c,docs/ggponet/native-runtime-mappings.md,native-runtime-mapped,Native runtime mapping: directly evidenced MSVC STL/CRT/compiler support helper supplied by libc++/libSystem/compiler runtime; no GGPO protocol logic
10001120,FUN_10001120,undefined FUN_10001120(void),raw-c/10001120_FUN_10001120.c,docs/ggponet/native-runtime-mappings.md,native-runtime-mapped,"Native runtime mapping: anonymous helper audited in final pass; docs show no export name, no Fightcade protocol strings, and only library/helper reachability from already mapped STL/CRT/compiler support graph"
10001140,FUN_10001140,undefined FUN_10001140(void),raw-c/10001140_FUN_10001140.c,docs/ggponet/native-runtime-mappings.md,native-runtime-mapped,"Native runtime mapping: anonymous helper audited in final pass; docs show no export name, no Fightcade protocol strings, and only library/helper reachability from already mapped STL/CRT/compiler support graph"
10001170,FUN_10001170,undefined FUN_10001170(void),raw-c/10001170_FUN_10001170.c,docs/ggponet/native-runtime-mappings.md,native-runtime-mapped,"Native runtime mapping: anonymous helper audited in final pass; docs show no export name, no Fightcade protocol strings, and only library/helper reachability from already mapped STL/CRT/compiler support graph"
10001190,FID_conflict:runtime_error,undefined FID_conflict:runtime_error(void),raw-c/10001190_FID_conflict_runtime_error.c,docs/ggponet/native-runtime-mappings.md,native-runtime-mapped,Native runtime mapping: MSVC CRT/STL/compiler support helper supplied by libc++/libSystem/compiler runtime; no GGPO protocol logic
10001200,FID_conflict:~logic_error,undefined FID_conflict:~logic_error(void),raw-c/10001200_FID_conflict_logic_error.c,docs/ggponet/native-runtime-mappings.md,native-runtime-mapped,Native runtime mapping: MSVC CRT/STL/compiler support helper supplied by libc++/libSystem/compiler runtime; no GGPO protocol logic
10001230,what,undefined what(void),raw-c/10001230_what.c,docs/ggponet/native-runtime-mappings.md,native-runtime-mapped,Native runtime mapping: MSVC CRT/STL/compiler support helper supplied by libc++/libSystem/compiler runtime; no GGPO protocol logic
10001250,FUN_10001250,undefined FUN_10001250(void),raw-c/10001250_FUN_10001250.c,docs/ggponet/native-runtime-mappings.md,native-runtime-mapped,"Native runtime mapping: scalar deleting destructor for STL/CRT/support object; documented body only calls destructor and operator delete on flag bit, with no GGPO protocol logic"
10001280,FID_conflict:length_error,undefined FID_conflict:length_error(void),raw-c/10001280_FID_conflict_length_error.c,docs/ggponet/native-runtime-mappings.md,native-runtime-mapped,Native runtime mapping: MSVC CRT/STL/compiler support helper supplied by libc++/libSystem/compiler runtime; no GGPO protocol logic
100012b0,FUN_100012b0,undefined FUN_100012b0(void),raw-c/100012b0_FUN_100012b0.c,docs/ggponet/native-runtime-mappings.md,native-runtime-mapped,Native runtime mapping: directly evidenced MSVC STL/CRT/compiler support helper supplied by libc++/libSystem/compiler runtime; no GGPO protocol logic
100012d0,FUN_100012d0,undefined FUN_100012d0(void),raw-c/100012d0_FUN_100012d0.c,docs/ggponet/native-runtime-mappings.md,native-runtime-mapped,"Native runtime mapping: scalar deleting destructor for STL/CRT/support object; documented body only calls destructor and operator delete on flag bit, with no GGPO protocol logic"
10001300,FID_conflict:runtime_error,undefined FID_conflict:runtime_error(void),raw-c/10001300_FID_conflict_runtime_error.c,docs/ggponet/native-runtime-mappings.md,native-runtime-mapped,Native runtime mapping: MSVC CRT/STL/compiler support helper supplied by libc++/libSystem/compiler runtime; no GGPO protocol logic
10001370,FUN_10001370,undefined FUN_10001370(void),raw-c/10001370_FUN_10001370.c,Sources/FightcadeFBNeo/src/dep/ggponet-native/src/common_leafs.cpp,native_converted,Exact leaf: returns true
10001380,FUN_10001380,undefined FUN_10001380(void),raw-c/10001380_FUN_10001380.c,Sources/FightcadeFBNeo/src/dep/ggponet-native/src/logging.cpp,native_converted,"Native logging leaf: calls quark logv helper and returns true, matching documented vtable log slot behavior"
100013a0,FUN_100013a0,undefined FUN_100013a0(void),raw-c/100013a0_FUN_100013a0.c,docs/ggponet/native-runtime-mappings.md,native-runtime-mapped,"Native runtime mapping: anonymous helper audited in final pass; docs show no export name, no Fightcade protocol strings, and only library/helper reachability from already mapped STL/CRT/compiler support graph"
100013c0,FUN_100013c0,undefined FUN_100013c0(void),raw-c/100013c0_FUN_100013c0.c,docs/ggponet/native-runtime-mappings.md,native-runtime-mapped,"Native runtime mapping: anonymous helper audited in final pass; docs show no export name, no Fightcade protocol strings, and only library/helper reachability from already mapped STL/CRT/compiler support graph"
100013e0,FUN_100013e0,undefined FUN_100013e0(void),raw-c/100013e0_FUN_100013e0.c,Sources/FightcadeFBNeo/src/dep/ggponet-native/src/common_leafs.cpp,native_converted,Exact leaf: returns void
100013f0,FUN_100013f0,undefined FUN_100013f0(void),raw-c/100013f0_FUN_100013f0.c,docs/ggponet/native-runtime-mappings.md,native-runtime-mapped,"Native runtime mapping: anonymous helper audited in final pass; docs show no export name, no Fightcade protocol strings, and only library/helper reachability from already mapped STL/CRT/compiler support graph"
10001420,FUN_10001420,undefined FUN_10001420(void),raw-c/10001420_FUN_10001420.c,Sources/FightcadeFBNeo/src/dep/ggponet-native/src/client_backend.cpp; Sources/FightcadeFBNeo/src/dep/ggponet-native/src/session.hpp,native_converted,GGPOBackend scalar deleting destructor slot: native destroy hook performs backend teardown and delete equivalent to destructor plus flag delete
10001450,FUN_10001450,undefined FUN_10001450(void),raw-c/10001450_FUN_10001450.c,docs/ggponet/native-runtime-mappings.md,native-runtime-mapped,"Native runtime mapping: anonymous helper audited in final pass; docs show no export name, no Fightcade protocol strings, and only library/helper reachability from already mapped STL/CRT/compiler support graph"
10001470,FUN_10001470,undefined FUN_10001470(void),raw-c/10001470_FUN_10001470.c,docs/ggponet/native-runtime-mappings.md,native-runtime-mapped,Native runtime mapping: directly evidenced MSVC STL/CRT/compiler support helper supplied by libc++/libSystem/compiler runtime; no GGPO protocol logic
10001490,FUN_10001490,undefined FUN_10001490(void),raw-c/10001490_FUN_10001490.c,docs/ggponet/native-runtime-mappings.md,native-runtime-mapped,"Native runtime mapping: anonymous helper audited in final pass; docs show no export name, no Fightcade protocol strings, and only library/helper reachability from already mapped STL/CRT/compiler support graph"
100014b0,FUN_100014b0,undefined FUN_100014b0(void),raw-c/100014b0_FUN_100014b0.c,docs/ggponet/native-runtime-mappings.md,native-runtime-mapped,Native runtime mapping: directly evidenced MSVC STL/CRT/compiler support helper supplied by libc++/libSystem/compiler runtime; no GGPO protocol logic
100014d0,FUN_100014d0,undefined FUN_100014d0(void),raw-c/100014d0_FUN_100014d0.c,docs/ggponet/native-runtime-mappings.md,native-runtime-mapped,"Native runtime mapping: scalar deleting destructor for STL/CRT/support object; documented body only calls destructor and operator delete on flag bit, with no GGPO protocol logic"
10001500,basic_string<>,undefined basic_string<>(void),raw-c/10001500_basic_string_.c,docs/ggponet/native-runtime-mappings.md,native-runtime-mapped,Native runtime mapping: MSVC CRT/STL/compiler support helper supplied by libc++/libSystem/compiler runtime; no GGPO protocol logic
10001540,FUN_10001540,undefined FUN_10001540(void),raw-c/10001540_FUN_10001540.c,docs/ggponet/native-runtime-mappings.md,native-runtime-mapped,Native runtime mapping: directly evidenced MSVC STL/CRT/compiler support helper supplied by libc++/libSystem/compiler runtime; no GGPO protocol logic
10001580,FUN_10001580,undefined FUN_10001580(void),raw-c/10001580_FUN_10001580.c,docs/ggponet/native-runtime-mappings.md,native-runtime-mapped,Native runtime mapping: directly evidenced MSVC STL/CRT/compiler support helper supplied by libc++/libSystem/compiler runtime; no GGPO protocol logic
100015a0,FUN_100015a0,undefined FUN_100015a0(void),raw-c/100015a0_FUN_100015a0.c,docs/ggponet/native-runtime-mappings.md,native-runtime-mapped,"Native runtime mapping: anonymous helper audited in final pass; docs show no export name, no Fightcade protocol strings, and only library/helper reachability from already mapped STL/CRT/compiler support graph"
100015c0,FUN_100015c0,undefined FUN_100015c0(void),raw-c/100015c0_FUN_100015c0.c,docs/ggponet/native-runtime-mappings.md,native-runtime-mapped,Native runtime mapping: directly evidenced MSVC STL/CRT/compiler support helper supplied by libc++/libSystem/compiler runtime; no GGPO protocol logic
100015e0,FUN_100015e0,undefined FUN_100015e0(void),raw-c/100015e0_FUN_100015e0.c,docs/ggponet/native-runtime-mappings.md,native-runtime-mapped,Native runtime mapping: directly evidenced MSVC STL/CRT/compiler support helper supplied by libc++/libSystem/compiler runtime; no GGPO protocol logic
10001660,FUN_10001660,undefined FUN_10001660(void),raw-c/10001660_FUN_10001660.c,docs/ggponet/native-runtime-mappings.md,native-runtime-mapped,Native runtime mapping: directly evidenced MSVC STL/CRT/compiler support helper supplied by libc++/libSystem/compiler runtime; no GGPO protocol logic
10001680,FUN_10001680,undefined FUN_10001680(void),raw-c/10001680_FUN_10001680.c,docs/ggponet/native-runtime-mappings.md,native-runtime-mapped,"Native runtime mapping: anonymous helper audited in final pass; docs show no export name, no Fightcade protocol strings, and only library/helper reachability from already mapped STL/CRT/compiler support graph"
100016a0,FUN_100016a0,undefined FUN_100016a0(void),raw-c/100016a0_FUN_100016a0.c,docs/ggponet/native-runtime-mappings.md,native-runtime-mapped,"Native runtime mapping: anonymous helper audited in final pass; docs show no export name, no Fightcade protocol strings, and only library/helper reachability from already mapped STL/CRT/compiler support graph"
100016e0,FUN_100016e0,undefined FUN_100016e0(void),raw-c/100016e0_FUN_100016e0.c,docs/ggponet/native-runtime-mappings.md,native-runtime-mapped,"Native runtime mapping: anonymous helper audited in final pass; docs show no export name, no Fightcade protocol strings, and only library/helper reachability from already mapped STL/CRT/compiler support graph"
10001720,FUN_10001720,undefined FUN_10001720(void),raw-c/10001720_FUN_10001720.c,docs/ggponet/native-runtime-mappings.md,native-runtime-mapped,Native runtime mapping: directly evidenced MSVC STL/CRT/compiler support helper supplied by libc++/libSystem/compiler runtime; no GGPO protocol logic
100017c0,FUN_100017c0,undefined FUN_100017c0(void),raw-c/100017c0_FUN_100017c0.c,docs/ggponet/native-runtime-mappings.md,native-runtime-mapped,Native runtime mapping: directly evidenced MSVC STL/CRT/compiler support helper supplied by libc++/libSystem/compiler runtime; no GGPO protocol logic
100017e0,"std::basic_string<char,std::char_traits<char>,std::_DebugHeapAllocator<char>_>::assign","basic_string<char,struct_std::char_traits<char>,class_std::_DebugHeapAllocator<char>_> * __thiscall assign(basic_string<char,std::char_traits<char>,std::_DebugHeapAllocator<char>_> * this, basic_string<char,struct_std::char_traits<char>,class_std::_DebugHeapAllocator<char>_> * param_1, uint param_2, uint param_3)",raw-c/100017e0_std_basic_string_char_std_char_traits_char_std__DebugHeapAllocator_char___assign.c,docs/ggponet/native-runtime-mappings.md,native-runtime-mapped,Native runtime mapping: clearly named MSVC CRT/STL/compiler support helper supplied by libc++/libSystem/compiler runtime; no GGPO protocol logic
100018a0,FID_conflict:assign,undefined FID_conflict:assign(void),raw-c/100018a0_FID_conflict_assign.c,docs/ggponet/native-runtime-mappings.md,native-runtime-mapped,Native runtime mapping: MSVC CRT/STL/compiler support helper supplied by libc++/libSystem/compiler runtime; no GGPO protocol logic
100018d0,FUN_100018d0,undefined FUN_100018d0(void),raw-c/100018d0_FUN_100018d0.c,docs/ggponet/native-runtime-mappings.md,native-runtime-mapped,Native runtime mapping: directly evidenced MSVC STL/CRT/compiler support helper supplied by libc++/libSystem/compiler runtime; no GGPO protocol logic
10001950,FID_conflict:_Myptr,undefined FID_conflict:_Myptr(void),raw-c/10001950_FID_conflict__Myptr.c,docs/ggponet/native-runtime-mappings.md,native-runtime-mapped,Native runtime mapping: MSVC CRT/STL/compiler support helper supplied by libc++/libSystem/compiler runtime; no GGPO protocol logic
10001980,_String_val<>,undefined _String_val<>(void),raw-c/10001980__String_val_.c,docs/ggponet/native-runtime-mappings.md,native-runtime-mapped,Native runtime mapping: MSVC CRT/STL/compiler support helper supplied by libc++/libSystem/compiler runtime; no GGPO protocol logic
100019a0,FUN_100019a0,undefined FUN_100019a0(void),raw-c/100019a0_FUN_100019a0.c,docs/ggponet/native-runtime-mappings.md,native-runtime-mapped,Native runtime mapping: directly evidenced MSVC STL/CRT/compiler support helper supplied by libc++/libSystem/compiler runtime; no GGPO protocol logic
100019c0,FUN_100019c0,undefined FUN_100019c0(void),raw-c/100019c0_FUN_100019c0.c,docs/ggponet/native-runtime-mappings.md,native-runtime-mapped,Native runtime mapping: directly evidenced MSVC STL/CRT/compiler support helper supplied by libc++/libSystem/compiler runtime; no GGPO protocol logic
100019d0,FUN_100019d0,undefined FUN_100019d0(void),raw-c/100019d0_FUN_100019d0.c,docs/ggponet/native-runtime-mappings.md,native-runtime-mapped,Native runtime mapping: final audit helper row directly evidenced as MSVC STL/CRT/compiler/exception/zlib/no-op support in docs/ggponet; native libc++/libSystem/compiler runtime supplies equivalent behavior and no GGPO protocol logic is present
10001a00,FUN_10001a00,undefined FUN_10001a00(void),raw-c/10001a00_FUN_10001a00.c,docs/ggponet/native-runtime-mappings.md,native-runtime-mapped,"Native runtime mapping: anonymous helper audited in final pass; docs show no export name, no Fightcade protocol strings, and only library/helper reachability from already mapped STL/CRT/compiler support graph"
10001a80,FUN_10001a80,undefined FUN_10001a80(void),raw-c/10001a80_FUN_10001a80.c,docs/ggponet/native-runtime-mappings.md,native-runtime-mapped,Native runtime mapping: directly evidenced MSVC STL/CRT/compiler support helper supplied by libc++/libSystem/compiler runtime; no GGPO protocol logic
10001b50,FUN_10001b50,undefined FUN_10001b50(void),raw-c/10001b50_FUN_10001b50.c,docs/ggponet/native-runtime-mappings.md,native-runtime-mapped,Native runtime mapping: directly evidenced MSVC STL/CRT/compiler support helper supplied by libc++/libSystem/compiler runtime; no GGPO protocol logic
10001be0,Catch_All@10001be0,undefined Catch_All@10001be0(void),raw-c/10001be0_Catch_All@10001be0.c,docs/ggponet/native-runtime-mappings.md,native-runtime-mapped,Native runtime mapping: MSVC CRT/STL/compiler support helper supplied by libc++/libSystem/compiler runtime; no GGPO protocol logic
10001c25,FUN_10001c25,undefined FUN_10001c25(void),raw-c/10001c25_FUN_10001c25.c,docs/ggponet/native-runtime-mappings.md,native-runtime-mapped,Native runtime mapping: directly evidenced MSVC STL/CRT/compiler support helper supplied by libc++/libSystem/compiler runtime; no GGPO protocol logic
10001c50,FUN_10001c50,undefined FUN_10001c50(void),raw-c/10001c50_FUN_10001c50.c,docs/ggponet/native-runtime-mappings.md,native-runtime-mapped,Native runtime mapping: directly evidenced MSVC STL/CRT/compiler support helper supplied by libc++/libSystem/compiler runtime; no GGPO protocol logic
10001cc0,FUN_10001cc0,undefined FUN_10001cc0(void),raw-c/10001cc0_FUN_10001cc0.c,docs/ggponet/native-runtime-mappings.md,native-runtime-mapped,Native runtime mapping: directly evidenced MSVC STL/CRT/compiler support helper supplied by libc++/libSystem/compiler runtime; no GGPO protocol logic
10001d00,FUN_10001d00,undefined FUN_10001d00(void),raw-c/10001d00_FUN_10001d00.c,docs/ggponet/native-runtime-mappings.md,native-runtime-mapped,"Native runtime mapping: anonymous helper audited in final pass; docs show no export name, no Fightcade protocol strings, and only library/helper reachability from already mapped STL/CRT/compiler support graph"
10001d20,"std::basic_string<char,std::char_traits<char>,std::_DebugHeapAllocator<char>_>::assign","basic_string<char,struct_std::char_traits<char>,class_std::_DebugHeapAllocator<char>_> * __thiscall assign(basic_string<char,std::char_traits<char>,std::_DebugHeapAllocator<char>_> * this, char * param_1, uint param_2)",raw-c/10001d20_std_basic_string_char_std_char_traits_char_std__DebugHeapAllocator_char___assign.c,docs/ggponet/native-runtime-mappings.md,native-runtime-mapped,Native runtime mapping: clearly named MSVC CRT/STL/compiler support helper supplied by libc++/libSystem/compiler runtime; no GGPO protocol logic
10001db0,"std::basic_string<char,std::char_traits<char>,std::_DebugHeapAllocator<char>_>::erase","basic_string<char,struct_std::char_traits<char>,class_std::_DebugHeapAllocator<char>_> * __thiscall erase(basic_string<char,std::char_traits<char>,std::_DebugHeapAllocator<char>_> * this, uint param_1, uint param_2)",raw-c/10001db0_std_basic_string_char_std_char_traits_char_std__DebugHeapAllocator_char___erase.c,docs/ggponet/native-runtime-mappings.md,native-runtime-mapped,Native runtime mapping: clearly named MSVC CRT/STL/compiler support helper supplied by libc++/libSystem/compiler runtime; no GGPO protocol logic
10001e50,"std::basic_string<char,std::char_traits<char>,std::_DebugHeapAllocator<char>_>::_Eos","void __thiscall _Eos(basic_string<char,std::char_traits<char>,std::_DebugHeapAllocator<char>_> * this, uint param_1)",raw-c/10001e50_std_basic_string_char_std_char_traits_char_std__DebugHeapAllocator_char____Eos.c,docs/ggponet/native-runtime-mappings.md,native-runtime-mapped,Native runtime mapping: clearly named MSVC CRT/STL/compiler support helper supplied by libc++/libSystem/compiler runtime; no GGPO protocol logic
10001e90,"std::basic_string<char,std::char_traits<char>,std::_DebugHeapAllocator<char>_>::_Grow","bool __thiscall _Grow(basic_string<char,std::char_traits<char>,std::_DebugHeapAllocator<char>_> * this, uint param_1, bool param_2)",raw-c/10001e90_std_basic_string_char_std_char_traits_char_std__DebugHeapAllocator_char____Grow.c,docs/ggponet/native-runtime-mappings.md,native-runtime-mapped,Native runtime mapping: clearly named MSVC CRT/STL/compiler support helper supplied by libc++/libSystem/compiler runtime; no GGPO protocol logic
10001f30,FUN_10001f30,undefined FUN_10001f30(void),raw-c/10001f30_FUN_10001f30.c,docs/ggponet/native-runtime-mappings.md,native-runtime-mapped,Native runtime mapping: directly evidenced MSVC STL/CRT/compiler support helper supplied by libc++/libSystem/compiler runtime; no GGPO protocol logic
10001fe5,Catch_All@10001fe5,undefined Catch_All@10001fe5(void),raw-c/10001fe5_Catch_All@10001fe5.c,docs/ggponet/native-runtime-mappings.md,native-runtime-mapped,Native runtime mapping: MSVC CRT/STL/compiler support helper supplied by libc++/libSystem/compiler runtime; no GGPO protocol logic
10002048,FUN_10002048,undefined FUN_10002048(void),raw-c/10002048_FUN_10002048.c,docs/ggponet/native-runtime-mappings.md,native-runtime-mapped,Native runtime mapping: directly evidenced MSVC STL/CRT/compiler support helper supplied by libc++/libSystem/compiler runtime; no GGPO protocol logic
10002070,FUN_10002070,undefined FUN_10002070(void),raw-c/10002070_FUN_10002070.c,docs/ggponet/native-runtime-mappings.md,native-runtime-mapped,Native runtime mapping: directly evidenced MSVC STL/CRT/compiler support helper supplied by libc++/libSystem/compiler runtime; no GGPO protocol logic
10002110,FUN_10002110,undefined FUN_10002110(void),raw-c/10002110_FUN_10002110.c,docs/ggponet/native-runtime-mappings.md,native-runtime-mapped,Native runtime mapping: directly evidenced MSVC STL/CRT/compiler support helper supplied by libc++/libSystem/compiler runtime; no GGPO protocol logic
10002150,FUN_10002150,undefined FUN_10002150(void),raw-c/10002150_FUN_10002150.c,docs/ggponet/native-runtime-mappings.md,native-runtime-mapped,"Native runtime mapping: anonymous helper audited in final pass; docs show no export name, no Fightcade protocol strings, and only library/helper reachability from already mapped STL/CRT/compiler support graph"
10002170,FUN_10002170,undefined FUN_10002170(void),raw-c/10002170_FUN_10002170.c,docs/ggponet/native-runtime-mappings.md,native-runtime-mapped,"Native runtime mapping: anonymous helper audited in final pass; docs show no export name, no Fightcade protocol strings, and only library/helper reachability from already mapped STL/CRT/compiler support graph"
100021d0,FUN_100021d0,undefined FUN_100021d0(void),raw-c/100021d0_FUN_100021d0.c,docs/ggponet/native-runtime-mappings.md,native-runtime-mapped,"Native runtime mapping: anonymous helper audited in final pass; docs show no export name, no Fightcade protocol strings, and only library/helper reachability from already mapped STL/CRT/compiler support graph"
10002210,FUN_10002210,undefined FUN_10002210(void),raw-c/10002210_FUN_10002210.c,docs/ggponet/native-runtime-mappings.md,native-runtime-mapped,"Native runtime mapping: anonymous helper audited in final pass; docs show no export name, no Fightcade protocol strings, and only library/helper reachability from already mapped STL/CRT/compiler support graph"
10002230,FID_conflict:invalid_argument,undefined FID_conflict:invalid_argument(void),raw-c/10002230_FID_conflict_invalid_argument.c,docs/ggponet/native-runtime-mappings.md,native-runtime-mapped,Native runtime mapping: MSVC CRT/STL/compiler support helper supplied by libc++/libSystem/compiler runtime; no GGPO protocol logic
10002260,FID_conflict:max_size,undefined FID_conflict:max_size(void),raw-c/10002260_FID_conflict_max_size.c,docs/ggponet/native-runtime-mappings.md,native-runtime-mapped,Native runtime mapping: MSVC CRT/STL/compiler support helper supplied by libc++/libSystem/compiler runtime; no GGPO protocol logic
100022a0,FUN_100022a0,undefined FUN_100022a0(void),raw-c/100022a0_FUN_100022a0.c,docs/ggponet/native-runtime-mappings.md,native-runtime-mapped,Native runtime mapping: directly evidenced MSVC STL/CRT/compiler support helper supplied by libc++/libSystem/compiler runtime; no GGPO protocol logic
10002358,Catch_All@10002358,undefined Catch_All@10002358(void),raw-c/10002358_Catch_All@10002358.c,docs/ggponet/native-runtime-mappings.md,native-runtime-mapped,Native runtime mapping: MSVC CRT/STL/compiler support helper supplied by libc++/libSystem/compiler runtime; no GGPO protocol logic
1000237f,Catch_All@1000237f,undefined Catch_All@1000237f(void),raw-c/1000237f_Catch_All@1000237f.c,docs/ggponet/native-runtime-mappings.md,native-runtime-mapped,Native runtime mapping: MSVC CRT/STL/compiler support helper supplied by libc++/libSystem/compiler runtime; no GGPO protocol logic
100023a1,FUN_100023a1,undefined FUN_100023a1(void),raw-c/100023a1_FUN_100023a1.c,docs/ggponet/native-runtime-mappings.md,native-runtime-mapped,Native runtime mapping: directly evidenced MSVC STL/CRT/compiler support helper supplied by libc++/libSystem/compiler runtime; no GGPO protocol logic
100023b5,FUN_100023b5,undefined FUN_100023b5(void),raw-c/100023b5_FUN_100023b5.c,docs/ggponet/native-runtime-mappings.md,native-runtime-mapped,Native runtime mapping: directly evidenced MSVC STL/CRT/compiler support helper supplied by libc++/libSystem/compiler runtime; no GGPO protocol logic
10002420,FID_conflict:_Inside,undefined FID_conflict:_Inside(void),raw-c/10002420_FID_conflict__Inside.c,docs/ggponet/native-runtime-mappings.md,native-runtime-mapped,Native runtime mapping: MSVC CRT/STL/compiler support helper supplied by libc++/libSystem/compiler runtime; no GGPO protocol logic
10002460,FUN_10002460,undefined FUN_10002460(void),raw-c/10002460_FUN_10002460.c,docs/ggponet/native-runtime-mappings.md,native-runtime-mapped,"Native runtime mapping: anonymous helper audited in final pass; docs show no export name, no Fightcade protocol strings, and only library/helper reachability from already mapped STL/CRT/compiler support graph"
10002480,FUN_10002480,undefined FUN_10002480(void),raw-c/10002480_FUN_10002480.c,docs/ggponet/native-runtime-mappings.md,native-runtime-mapped,Native runtime mapping: final audit helper row directly evidenced as MSVC STL/CRT/compiler/exception/zlib/no-op support in docs/ggponet; native libc++/libSystem/compiler runtime supplies equivalent behavior and no GGPO protocol logic is present
100024a0,FUN_100024a0,undefined FUN_100024a0(void),raw-c/100024a0_FUN_100024a0.c,docs/ggponet/native-runtime-mappings.md,native-runtime-mapped,Native runtime mapping: directly evidenced MSVC STL/CRT/compiler support helper supplied by libc++/libSystem/compiler runtime; no GGPO protocol logic
100024e0,std::allocator<char>::allocate,"char * __thiscall allocate(allocator<char> * this, uint param_1)",raw-c/100024e0_std_allocator_char_allocate.c,docs/ggponet/native-runtime-mappings.md,native-runtime-mapped,Native runtime mapping: clearly named MSVC CRT/STL/compiler support helper supplied by libc++/libSystem/compiler runtime; no GGPO protocol logic
10002500,std::allocator<char>::max_size,uint __thiscall max_size(allocator<char> * this),raw-c/10002500_std_allocator_char_max_size.c,docs/ggponet/native-runtime-mappings.md,native-runtime-mapped,Native runtime mapping: MSVC CRT/STL/compiler support helper supplied by libc++/libSystem/compiler runtime; no GGPO protocol logic
10002530,FUN_10002530,undefined FUN_10002530(void),raw-c/10002530_FUN_10002530.c,docs/ggponet/native-runtime-mappings.md,native-runtime-mapped,Native runtime mapping: directly evidenced MSVC STL/CRT/compiler support helper supplied by libc++/libSystem/compiler runtime; no GGPO protocol logic
100025e0,max_size,undefined max_size(void),raw-c/100025e0_max_size.c,docs/ggponet/native-runtime-mappings.md,native-runtime-mapped,Native runtime mapping: MSVC CRT/STL/compiler support helper supplied by libc++/libSystem/compiler runtime; no GGPO protocol logic
10002610,std::_Traits_helper::copy_s<std::char_traits<char>_>,"char * __cdecl copy_s<std::char_traits<char>_>(char * param_1, uint param_2, char * param_3, uint param_4)",raw-c/10002610_std__Traits_helper_copy_s_std_char_traits_char___.c,docs/ggponet/native-runtime-mappings.md,native-runtime-mapped,Native runtime mapping: clearly named MSVC CRT/STL/compiler support helper supplied by libc++/libSystem/compiler runtime; no GGPO protocol logic
10002640,FUN_10002640,undefined FUN_10002640(void),raw-c/10002640_FUN_10002640.c,docs/ggponet/native-runtime-mappings.md,native-runtime-mapped,Native runtime mapping: directly evidenced MSVC STL/CRT/compiler support helper supplied by libc++/libSystem/compiler runtime; no GGPO protocol logic
10002650,std::_Traits_helper::move_s<std::char_traits<char>_>,"char * __cdecl move_s<std::char_traits<char>_>(char * param_1, uint param_2, char * param_3, uint param_4)",raw-c/10002650_std__Traits_helper_move_s_std_char_traits_char___.c,docs/ggponet/native-runtime-mappings.md,native-runtime-mapped,Native runtime mapping: clearly named MSVC CRT/STL/compiler support helper supplied by libc++/libSystem/compiler runtime; no GGPO protocol logic
10002680,FUN_10002680,undefined FUN_10002680(void),raw-c/10002680_FUN_10002680.c,docs/ggponet/native-runtime-mappings.md,native-runtime-mapped,Native runtime mapping: directly evidenced MSVC STL/CRT/compiler support helper supplied by libc++/libSystem/compiler runtime; no GGPO protocol logic
100026d0,FUN_100026d0,undefined FUN_100026d0(void),raw-c/100026d0_FUN_100026d0.c,docs/ggponet/native-runtime-mappings.md,native-runtime-mapped,"Native runtime mapping: anonymous helper audited in final pass; docs show no export name, no Fightcade protocol strings, and only library/helper reachability from already mapped STL/CRT/compiler support graph"
10002720,std::_Allocate<char>,"char * __cdecl _Allocate<char>(uint param_1, char * param_2)",raw-c/10002720_std__Allocate_char_.c,docs/ggponet/native-runtime-mappings.md,native-runtime-mapped,Native runtime mapping: clearly named MSVC CRT/STL/compiler support helper supplied by libc++/libSystem/compiler runtime; no GGPO protocol logic
10002770,FUN_10002770,undefined FUN_10002770(void),raw-c/10002770_FUN_10002770.c,docs/ggponet/native-runtime-mappings.md,native-runtime-mapped,Native runtime mapping: directly evidenced MSVC STL/CRT/compiler support helper supplied by libc++/libSystem/compiler runtime; no GGPO protocol logic
100027a0,_Char_traits_cat<>,undefined _Char_traits_cat<>(void),raw-c/100027a0__Char_traits_cat_.c,docs/ggponet/native-runtime-mappings.md,native-runtime-mapped,Native runtime mapping: MSVC CRT/STL/compiler support helper supplied by libc++/libSystem/compiler runtime; no GGPO protocol logic
100027b0,FID_conflict:copy_s<std::char_traits<wchar_t>_>,undefined FID_conflict:copy_s<std::char_traits<wchar_t>_>(void),raw-c/100027b0_FID_conflict_copy_s_std_char_traits_wchar_t___.c,docs/ggponet/native-runtime-mappings.md,native-runtime-mapped,Native runtime mapping: MSVC CRT/STL/compiler support helper supplied by libc++/libSystem/compiler runtime; no GGPO protocol logic
100027d0,FID_conflict:copy_s<std::char_traits<wchar_t>_>,undefined FID_conflict:copy_s<std::char_traits<wchar_t>_>(void),raw-c/100027d0_FID_conflict_copy_s_std_char_traits_wchar_t___.c,docs/ggponet/native-runtime-mappings.md,native-runtime-mapped,Native runtime mapping: MSVC CRT/STL/compiler support helper supplied by libc++/libSystem/compiler runtime; no GGPO protocol logic
100027f0,FUN_100027f0,undefined FUN_100027f0(void),raw-c/100027f0_FUN_100027f0.c,Sources/FightcadeFBNeo/src/dep/ggponet-native/src/prediction.cpp,native_converted,Prediction set-frame-delay wrapper: forwards to Prediction +0x08 field
10002810,FUN_10002810,undefined FUN_10002810(void),raw-c/10002810_FUN_10002810.c,Sources/FightcadeFBNeo/src/dep/ggponet-native/src/sync_core.cpp,native_converted,Native Sync current-frame read
10002830,FUN_10002830,undefined FUN_10002830(void),raw-c/10002830_FUN_10002830.c,Sources/FightcadeFBNeo/src/dep/ggponet-native/src/prediction.cpp,native_converted,Prediction confirmed-event dequeue wrapper for peer idle
10002850,FUN_10002850,undefined FUN_10002850(void),raw-c/10002850_FUN_10002850.c,Sources/FightcadeFBNeo/src/dep/ggponet-native/src/sync_core.cpp,native_converted,Sync prediction stats wrapper: reads saved predict and remote queue counts
10002870,FUN_10002870,undefined FUN_10002870(void),raw-c/10002870_FUN_10002870.c,Sources/FightcadeFBNeo/src/dep/ggponet-native/src/common_leafs.cpp,native_converted,Exact leaf: returns true
10002880,FUN_10002880,undefined FUN_10002880(void),raw-c/10002880_FUN_10002880.c,Sources/FightcadeFBNeo/src/dep/ggponet-native/src/common_leafs.cpp,native_converted,Exact leaf: returns true
10002890,FUN_10002890,undefined FUN_10002890(void),raw-c/10002890_FUN_10002890.c,Sources/FightcadeFBNeo/src/dep/ggponet-native/src/peer_backend.cpp; Sources/FightcadeFBNeo/src/dep/ggponet-native/src/session.hpp,native_converted,Peer2PeerBackend scalar deleting destructor slot: native destroy hook performs peer teardown and delete equivalent to destructor plus flag delete
100028c0,FUN_100028c0,undefined FUN_100028c0(void),raw-c/100028c0_FUN_100028c0.c,docs/ggponet/native-runtime-mappings.md,native-runtime-mapped,"Native runtime mapping: anonymous helper audited in final pass; docs show no export name, no Fightcade protocol strings, and only library/helper reachability from already mapped STL/CRT/compiler support graph"
100028e0,FUN_100028e0,undefined FUN_100028e0(void),raw-c/100028e0_FUN_100028e0.c,docs/ggponet/native-runtime-mappings.md,native-runtime-mapped,"Native runtime mapping: anonymous helper audited in final pass; docs show no export name, no Fightcade protocol strings, and only library/helper reachability from already mapped STL/CRT/compiler support graph"
10002900,FUN_10002900,undefined FUN_10002900(void),raw-c/10002900_FUN_10002900.c,docs/ggponet/native-runtime-mappings.md,native-runtime-mapped,Native runtime mapping: directly evidenced MSVC STL/CRT/compiler support helper supplied by libc++/libSystem/compiler runtime; no GGPO protocol logic
10002940,FUN_10002940,undefined FUN_10002940(void),raw-c/10002940_FUN_10002940.c,docs/ggponet/native-runtime-mappings.md,native-runtime-mapped,Native runtime mapping: directly evidenced MSVC STL/CRT/compiler support helper supplied by libc++/libSystem/compiler runtime; no GGPO protocol logic
10002980,FUN_10002980,undefined FUN_10002980(void),raw-c/10002980_FUN_10002980.c,docs/ggponet/native-runtime-mappings.md,native-runtime-mapped,Native runtime mapping: directly evidenced MSVC STL/CRT/compiler support helper supplied by libc++/libSystem/compiler runtime; no GGPO protocol logic
100029a0,FUN_100029a0,undefined FUN_100029a0(void),raw-c/100029a0_FUN_100029a0.c,docs/ggponet/native-runtime-mappings.md,native-runtime-mapped,Native runtime mapping: directly evidenced MSVC STL/CRT/compiler support helper supplied by libc++/libSystem/compiler runtime; no GGPO protocol logic
100029c0,FUN_100029c0,undefined FUN_100029c0(void),raw-c/100029c0_FUN_100029c0.c,docs/ggponet/native-runtime-mappings.md,native-runtime-mapped,"Native runtime mapping: anonymous helper audited in final pass; docs show no export name, no Fightcade protocol strings, and only library/helper reachability from already mapped STL/CRT/compiler support graph"
100029e0,std::function<void___cdecl(void)>::~function<void___cdecl(void)>,void __thiscall ~function<void___cdecl(void)>(function<void___cdecl(void)> * this),raw-c/100029e0_std_function_void___cdecl_void_function_void___cdecl_void_.c,docs/ggponet/native-runtime-mappings.md,native-runtime-mapped,Native runtime mapping: MSVC CRT/STL/compiler support helper supplied by libc++/libSystem/compiler runtime; no GGPO protocol logic
10002a00,FUN_10002a00,undefined FUN_10002a00(void),raw-c/10002a00_FUN_10002a00.c,docs/ggponet/native-runtime-mappings.md,native-runtime-mapped,Native runtime mapping: directly evidenced MSVC STL/CRT/compiler support helper supplied by libc++/libSystem/compiler runtime; no GGPO protocol logic
10002a20,FUN_10002a20,undefined FUN_10002a20(void),raw-c/10002a20_FUN_10002a20.c,docs/ggponet/native-runtime-mappings.md,native-runtime-mapped,"Native runtime mapping: anonymous helper audited in final pass; docs show no export name, no Fightcade protocol strings, and only library/helper reachability from already mapped STL/CRT/compiler support graph"
10002a90,FUN_10002a90,undefined FUN_10002a90(void),raw-c/10002a90_FUN_10002a90.c,docs/ggponet/native-runtime-mappings.md,native-runtime-mapped,"Native runtime mapping: anonymous helper audited in final pass; docs show no export name, no Fightcade protocol strings, and only library/helper reachability from already mapped STL/CRT/compiler support graph"
10002ac0,FUN_10002ac0,undefined FUN_10002ac0(void),raw-c/10002ac0_FUN_10002ac0.c,docs/ggponet/native-runtime-mappings.md,native-runtime-mapped,"Native runtime mapping: anonymous helper audited in final pass; docs show no export name, no Fightcade protocol strings, and only library/helper reachability from already mapped STL/CRT/compiler support graph"
10002b30,FUN_10002b30,undefined FUN_10002b30(void),raw-c/10002b30_FUN_10002b30.c,docs/ggponet/native-runtime-mappings.md,native-runtime-mapped,Native runtime mapping: directly evidenced MSVC STL/CRT/compiler support helper supplied by libc++/libSystem/compiler runtime; no GGPO protocol logic
10002bf0,FUN_10002bf0,undefined FUN_10002bf0(void),raw-c/10002bf0_FUN_10002bf0.c,docs/ggponet/native-runtime-mappings.md,native-runtime-mapped,Native runtime mapping: directly evidenced MSVC STL/CRT/compiler support helper supplied by libc++/libSystem/compiler runtime; no GGPO protocol logic
10002c20,FUN_10002c20,undefined FUN_10002c20(void),raw-c/10002c20_FUN_10002c20.c,docs/ggponet/native-runtime-mappings.md,native-runtime-mapped,Native runtime mapping: directly evidenced MSVC STL/CRT/compiler support helper supplied by libc++/libSystem/compiler runtime; no GGPO protocol logic
10002c50,FUN_10002c50,undefined FUN_10002c50(void),raw-c/10002c50_FUN_10002c50.c,docs/ggponet/native-runtime-mappings.md,native-runtime-mapped,Native runtime mapping: final audit helper row directly evidenced as MSVC STL/CRT/compiler/exception/zlib/no-op support in docs/ggponet; native libc++/libSystem/compiler runtime supplies equivalent behavior and no GGPO protocol logic is present
10002c90,FUN_10002c90,undefined FUN_10002c90(void),raw-c/10002c90_FUN_10002c90.c,docs/ggponet/native-runtime-mappings.md,native-runtime-mapped,Native runtime mapping: final audit helper row directly evidenced as MSVC STL/CRT/compiler/exception/zlib/no-op support in docs/ggponet; native libc++/libSystem/compiler runtime supplies equivalent behavior and no GGPO protocol logic is present
10002cd0,_Destroy_range<>,undefined _Destroy_range<>(void),raw-c/10002cd0__Destroy_range_.c,docs/ggponet/native-runtime-mappings.md,native-runtime-mapped,Native runtime mapping: MSVC CRT/STL/compiler support helper supplied by libc++/libSystem/compiler runtime; no GGPO protocol logic
10002d00,_Destroy_range<>,undefined _Destroy_range<>(void),raw-c/10002d00__Destroy_range_.c,docs/ggponet/native-runtime-mappings.md,native-runtime-mapped,Native runtime mapping: MSVC CRT/STL/compiler support helper supplied by libc++/libSystem/compiler runtime; no GGPO protocol logic
10002d30,strchr,"char * __cdecl strchr(char * param_1, int param_2)",raw-c/10002d30_strchr.c,docs/ggponet/native-runtime-mappings.md,native-runtime-mapped,Native runtime mapping: clearly named MSVC CRT/STL/compiler support helper supplied by libc++/libSystem/compiler runtime; no GGPO protocol logic
10002d50,FUN_10002d50,undefined FUN_10002d50(void),raw-c/10002d50_FUN_10002d50.c,docs/ggponet/native-runtime-mappings.md,native-runtime-mapped,"Native runtime mapping: scalar deleting destructor for STL/CRT/support object; documented body only calls destructor and operator delete on flag bit, with no GGPO protocol logic"
10002d80,FUN_10002d80,undefined FUN_10002d80(void),raw-c/10002d80_FUN_10002d80.c,docs/ggponet/native-runtime-mappings.md,native-runtime-mapped,Native runtime mapping: directly evidenced MSVC STL/CRT/compiler support helper supplied by libc++/libSystem/compiler runtime; no GGPO protocol logic
10002da0,FUN_10002da0,undefined FUN_10002da0(void),raw-c/10002da0_FUN_10002da0.c,Sources/FightcadeFBNeo/src/dep/ggponet-native/src/replay_backend.cpp,native_converted,Native equivalent for replay input deque construction
10002dc0,FUN_10002dc0,undefined FUN_10002dc0(void),raw-c/10002dc0_FUN_10002dc0.c,Sources/FightcadeFBNeo/src/dep/ggponet-native/src/replay_backend.cpp,native_converted,Native equivalent for replay input deque front access
10002de0,FUN_10002de0,undefined FUN_10002de0(void),raw-c/10002de0_FUN_10002de0.c,Sources/FightcadeFBNeo/src/dep/ggponet-native/src/replay_backend.cpp,native_converted,Native equivalent for replay input deque push of 28-byte GameInput record
10002e00,FUN_10002e00,undefined FUN_10002e00(void),raw-c/10002e00_FUN_10002e00.c,Sources/FightcadeFBNeo/src/dep/ggponet-native/src/replay_backend.cpp,native_converted,Native equivalent for replay input deque pop
10002e20,std::function<void___cdecl(void)>::~function<void___cdecl(void)>,void __thiscall ~function<void___cdecl(void)>(function<void___cdecl(void)> * this),raw-c/10002e20_std_function_void___cdecl_void_function_void___cdecl_void_.c,docs/ggponet/native-runtime-mappings.md,native-runtime-mapped,Native runtime mapping: MSVC CRT/STL/compiler support helper supplied by libc++/libSystem/compiler runtime; no GGPO protocol logic
10002e40,FUN_10002e40,undefined FUN_10002e40(void),raw-c/10002e40_FUN_10002e40.c,Sources/FightcadeFBNeo/src/dep/ggponet-native/src/replay_backend.cpp,native_converted,Native equivalent for replay input deque zero initialization
10002e90,FUN_10002e90,undefined FUN_10002e90(void),raw-c/10002e90_FUN_10002e90.c,Sources/FightcadeFBNeo/src/dep/ggponet-native/src/replay_backend.cpp,native_converted,Native equivalent for replay input deque front iterator dereference
10002eb0,FUN_10002eb0,undefined FUN_10002eb0(void),raw-c/10002eb0_FUN_10002eb0.c,Sources/FightcadeFBNeo/src/dep/ggponet-native/src/replay_backend.cpp,native_converted,Native equivalent for replay input deque pop internals
10002f50,FUN_10002f50,undefined FUN_10002f50(void),raw-c/10002f50_FUN_10002f50.c,Sources/FightcadeFBNeo/src/dep/ggponet-native/src/replay_backend.cpp,native_converted,Native equivalent for replay input deque push internals
10003030,FUN_10003030,undefined FUN_10003030(void),raw-c/10003030_FUN_10003030.c,docs/ggponet/native-runtime-mappings.md,native-runtime-mapped,Native runtime mapping: directly evidenced MSVC STL/CRT/compiler support helper supplied by libc++/libSystem/compiler runtime; no GGPO protocol logic
100030f0,FUN_100030f0,undefined FUN_100030f0(void),raw-c/100030f0_FUN_100030f0.c,docs/ggponet/native-runtime-mappings.md,native-runtime-mapped,Native runtime mapping: directly evidenced MSVC STL/CRT/compiler support helper supplied by libc++/libSystem/compiler runtime; no GGPO protocol logic
10003190,FUN_10003190,undefined FUN_10003190(void),raw-c/10003190_FUN_10003190.c,Sources/FightcadeFBNeo/src/dep/ggponet-native/src/replay_backend.cpp,native_converted,Native equivalent for replay input deque map growth
100033b0,FUN_100033b0,undefined FUN_100033b0(void),raw-c/100033b0_FUN_100033b0.c,docs/ggponet/native-runtime-mappings.md,native-runtime-mapped,Native runtime mapping: directly evidenced MSVC STL/CRT/compiler support helper supplied by libc++/libSystem/compiler runtime; no GGPO protocol logic
100033d0,FUN_100033d0,undefined FUN_100033d0(void),raw-c/100033d0_FUN_100033d0.c,docs/ggponet/native-runtime-mappings.md,native-runtime-mapped,"Native runtime mapping: anonymous helper audited in final pass; docs show no export name, no Fightcade protocol strings, and only library/helper reachability from already mapped STL/CRT/compiler support graph"
100033f0,FUN_100033f0,undefined FUN_100033f0(void),raw-c/100033f0_FUN_100033f0.c,docs/ggponet/native-runtime-mappings.md,native-runtime-mapped,"Native runtime mapping: anonymous helper audited in final pass; docs show no export name, no Fightcade protocol strings, and only library/helper reachability from already mapped STL/CRT/compiler support graph"
10003410,FUN_10003410,undefined FUN_10003410(void),raw-c/10003410_FUN_10003410.c,docs/ggponet/native-runtime-mappings.md,native-runtime-mapped,Native runtime mapping: final audit helper row directly evidenced as MSVC STL/CRT/compiler/exception/zlib/no-op support in docs/ggponet; native libc++/libSystem/compiler runtime supplies equivalent behavior and no GGPO protocol logic is present
10003430,FUN_10003430,undefined FUN_10003430(void),raw-c/10003430_FUN_10003430.c,docs/ggponet/native-runtime-mappings.md,native-runtime-mapped,"Native runtime mapping: anonymous helper audited in final pass; docs show no export name, no Fightcade protocol strings, and only library/helper reachability from already mapped STL/CRT/compiler support graph"
100034d0,FUN_100034d0,undefined FUN_100034d0(void),raw-c/100034d0_FUN_100034d0.c,docs/ggponet/native-runtime-mappings.md,native-runtime-mapped,Native runtime mapping: directly evidenced MSVC STL/CRT/compiler support helper supplied by libc++/libSystem/compiler runtime; no GGPO protocol logic
10003520,FUN_10003520,undefined FUN_10003520(void),raw-c/10003520_FUN_10003520.c,Sources/FightcadeFBNeo/src/dep/ggponet-native/src/streaming_backend.cpp,native_converted,Native SpectatorBackend deleting destructor closes socket and deletes backend
10003550,FUN_10003550,undefined FUN_10003550(void),raw-c/10003550_FUN_10003550.c,Sources/FightcadeFBNeo/src/dep/ggponet-native/src/synctest_backend.cpp; Sources/FightcadeFBNeo/src/dep/ggponet-native/src/session.hpp,native_converted,SyncTestBackend scalar deleting destructor slot: native destroy hook performs synctest teardown and delete equivalent to destructor plus flag delete
10003580,FUN_10003580,undefined FUN_10003580(void),raw-c/10003580_FUN_10003580.c,docs/ggponet/native-runtime-mappings.md,native-runtime-mapped,Native runtime mapping: directly evidenced MSVC STL/CRT/compiler support helper supplied by libc++/libSystem/compiler runtime; no GGPO protocol logic
100035a0,FUN_100035a0,undefined FUN_100035a0(void),raw-c/100035a0_FUN_100035a0.c,Sources/FightcadeFBNeo/src/dep/ggponet-native/src/synctest_backend.cpp,native_converted,Native SyncTest replay-check queue front access
100035c0,FUN_100035c0,undefined FUN_100035c0(void),raw-c/100035c0_FUN_100035c0.c,Sources/FightcadeFBNeo/src/dep/ggponet-native/src/synctest_backend.cpp,native_converted,Native SyncTest replay-check queue push
100035e0,FUN_100035e0,undefined FUN_100035e0(void),raw-c/100035e0_FUN_100035e0.c,Sources/FightcadeFBNeo/src/dep/ggponet-native/src/synctest_backend.cpp,native_converted,Native SyncTest replay-check queue pop
10003600,std::function<void___cdecl(void)>::~function<void___cdecl(void)>,void __thiscall ~function<void___cdecl(void)>(function<void___cdecl(void)> * this),raw-c/10003600_std_function_void___cdecl_void_function_void___cdecl_void_.c,docs/ggponet/native-runtime-mappings.md,native-runtime-mapped,Native runtime mapping: MSVC CRT/STL/compiler support helper supplied by libc++/libSystem/compiler runtime; no GGPO protocol logic
10003620,FUN_10003620,undefined FUN_10003620(void),raw-c/10003620_FUN_10003620.c,Sources/FightcadeFBNeo/src/dep/ggponet-native/src/synctest_backend.cpp,native_converted,Native SyncTest replay-check queue front iterator/deref equivalent
10003640,FUN_10003640,undefined FUN_10003640(void),raw-c/10003640_FUN_10003640.c,Sources/FightcadeFBNeo/src/dep/ggponet-native/src/synctest_backend.cpp,native_converted,Native SyncTest replay-check queue pop internals
100036e0,FUN_100036e0,undefined FUN_100036e0(void),raw-c/100036e0_FUN_100036e0.c,Sources/FightcadeFBNeo/src/dep/ggponet-native/src/synctest_backend.cpp,native_converted,Native SyncTest replay-check queue push internals
100037c0,FUN_100037c0,undefined FUN_100037c0(void),raw-c/100037c0_FUN_100037c0.c,docs/ggponet/native-runtime-mappings.md,native-runtime-mapped,Native runtime mapping: directly evidenced MSVC STL/CRT/compiler support helper supplied by libc++/libSystem/compiler runtime; no GGPO protocol logic
10003880,FUN_10003880,undefined FUN_10003880(void),raw-c/10003880_FUN_10003880.c,docs/ggponet/native-runtime-mappings.md,native-runtime-mapped,Native runtime mapping: directly evidenced MSVC STL/CRT/compiler support helper supplied by libc++/libSystem/compiler runtime; no GGPO protocol logic
10003920,FUN_10003920,undefined FUN_10003920(void),raw-c/10003920_FUN_10003920.c,docs/ggponet/native-runtime-mappings.md,native-runtime-mapped,"Native runtime mapping: anonymous helper audited in final pass; docs show no export name, no Fightcade protocol strings, and only library/helper reachability from already mapped STL/CRT/compiler support graph"
10003b40,FUN_10003b40,undefined FUN_10003b40(void),raw-c/10003b40_FUN_10003b40.c,docs/ggponet/native-runtime-mappings.md,native-runtime-mapped,"Native runtime mapping: anonymous helper audited in final pass; docs show no export name, no Fightcade protocol strings, and only library/helper reachability from already mapped STL/CRT/compiler support graph"
10003b60,FUN_10003b60,undefined FUN_10003b60(void),raw-c/10003b60_FUN_10003b60.c,docs/ggponet/native-runtime-mappings.md,native-runtime-mapped,"Native runtime mapping: anonymous helper audited in final pass; docs show no export name, no Fightcade protocol strings, and only library/helper reachability from already mapped STL/CRT/compiler support graph"
10003b80,FUN_10003b80,undefined FUN_10003b80(void),raw-c/10003b80_FUN_10003b80.c,docs/ggponet/native-runtime-mappings.md,native-runtime-mapped,"Native runtime mapping: anonymous helper audited in final pass; docs show no export name, no Fightcade protocol strings, and only library/helper reachability from already mapped STL/CRT/compiler support graph"
10003ba0,FUN_10003ba0,undefined FUN_10003ba0(void),raw-c/10003ba0_FUN_10003ba0.c,docs/ggponet/native-runtime-mappings.md,native-runtime-mapped,Native runtime mapping: final audit helper row directly evidenced as MSVC STL/CRT/compiler/exception/zlib/no-op support in docs/ggponet; native libc++/libSystem/compiler runtime supplies equivalent behavior and no GGPO protocol logic is present
10003bc0,FUN_10003bc0,undefined FUN_10003bc0(void),raw-c/10003bc0_FUN_10003bc0.c,docs/ggponet/native-runtime-mappings.md,native-runtime-mapped,"Native runtime mapping: anonymous helper audited in final pass; docs show no export name, no Fightcade protocol strings, and only library/helper reachability from already mapped STL/CRT/compiler support graph"
10003be0,FUN_10003be0,undefined FUN_10003be0(void),raw-c/10003be0_FUN_10003be0.c,docs/ggponet/native-runtime-mappings.md,native-runtime-mapped,"Native runtime mapping: anonymous helper audited in final pass; docs show no export name, no Fightcade protocol strings, and only library/helper reachability from already mapped STL/CRT/compiler support graph"
10003c80,max_size,undefined max_size(void),raw-c/10003c80_max_size.c,docs/ggponet/native-runtime-mappings.md,native-runtime-mapped,Native runtime mapping: MSVC CRT/STL/compiler support helper supplied by libc++/libSystem/compiler runtime; no GGPO protocol logic
10003cb0,FUN_10003cb0,undefined FUN_10003cb0(void),raw-c/10003cb0_FUN_10003cb0.c,docs/ggponet/native-runtime-mappings.md,native-runtime-mapped,Native runtime mapping: final audit helper row directly evidenced as MSVC STL/CRT/compiler/exception/zlib/no-op support in docs/ggponet; native libc++/libSystem/compiler runtime supplies equivalent behavior and no GGPO protocol logic is present
10003d00,FUN_10003d00,undefined FUN_10003d00(void),raw-c/10003d00_FUN_10003d00.c,docs/ggponet/native-runtime-mappings.md,native-runtime-mapped,Native runtime mapping: directly evidenced MSVC STL/CRT/compiler support helper supplied by libc++/libSystem/compiler runtime; no GGPO protocol logic
10003d50,FUN_10003d50,undefined FUN_10003d50(void),raw-c/10003d50_FUN_10003d50.c,docs/ggponet/native-runtime-mappings.md,native-runtime-mapped,"Native runtime mapping: anonymous helper audited in final pass; docs show no export name, no Fightcade protocol strings, and only library/helper reachability from already mapped STL/CRT/compiler support graph"
10003da0,FUN_10003da0,undefined FUN_10003da0(void),raw-c/10003da0_FUN_10003da0.c,docs/ggponet/native-runtime-mappings.md,native-runtime-mapped,Native runtime mapping: directly evidenced MSVC STL/CRT/compiler support helper supplied by libc++/libSystem/compiler runtime; no GGPO protocol logic
10003df0,std::allocator<char>::allocator<char>,"undefined __thiscall allocator<char>(allocator<char> * this, allocator<char> * param_1)",raw-c/10003df0_std_allocator_char_allocator_char_.c,docs/ggponet/native-runtime-mappings.md,native-runtime-mapped,Native runtime mapping: clearly named MSVC CRT/STL/compiler support helper supplied by libc++/libSystem/compiler runtime; no GGPO protocol logic
10003e00,FUN_10003e00,undefined FUN_10003e00(void),raw-c/10003e00_FUN_10003e00.c,docs/ggponet/native-runtime-mappings.md,native-runtime-mapped,Native runtime mapping: trivial no-op/getter/setter/return helper with no GGPO protocol behavior; covered by native compiler/runtime code generation
10003e10,FUN_10003e10,undefined FUN_10003e10(void),raw-c/10003e10_FUN_10003e10.c,Sources/FightcadeFBNeo/src/dep/ggponet-native/src/time_sync.cpp,native_converted,Native TimeSync deleting destructor equivalent
10003e40,FUN_10003e40,undefined FUN_10003e40(void),raw-c/10003e40_FUN_10003e40.c,Sources/FightcadeFBNeo/src/dep/ggponet-native/src/udp_protocol.cpp,native_converted,UDP protocol event constructor: stores event type in native UdpProtocolEvent
10003e60,FUN_10003e60,undefined FUN_10003e60(void),raw-c/10003e60_FUN_10003e60.c,docs/ggponet/native-runtime-mappings.md,native-runtime-mapped,Native runtime mapping: directly evidenced MSVC STL/CRT/compiler support helper supplied by libc++/libSystem/compiler runtime; no GGPO protocol logic
10003e80,FUN_10003e80,undefined FUN_10003e80(void),raw-c/10003e80_FUN_10003e80.c,Sources/FightcadeFBNeo/src/dep/ggponet-native/src/synctest_backend.cpp,native_converted,Native SyncTest replay-check queue empty/end check
10003ea0,FUN_10003ea0,undefined FUN_10003ea0(void),raw-c/10003ea0_FUN_10003ea0.c,docs/ggponet/native-runtime-mappings.md,native-runtime-mapped,"Native runtime mapping: anonymous helper audited in final pass; docs show no export name, no Fightcade protocol strings, and only library/helper reachability from already mapped STL/CRT/compiler support graph"
10003ec0,FUN_10003ec0,undefined FUN_10003ec0(void),raw-c/10003ec0_FUN_10003ec0.c,docs/ggponet/native-runtime-mappings.md,native-runtime-mapped,Native runtime mapping: directly evidenced MSVC STL/CRT/compiler support helper supplied by libc++/libSystem/compiler runtime; no GGPO protocol logic
10003ee0,FUN_10003ee0,undefined FUN_10003ee0(void),raw-c/10003ee0_FUN_10003ee0.c,docs/ggponet/native-runtime-mappings.md,native-runtime-mapped,"Native runtime mapping: anonymous helper audited in final pass; docs show no export name, no Fightcade protocol strings, and only library/helper reachability from already mapped STL/CRT/compiler support graph"
10003f00,FUN_10003f00,undefined FUN_10003f00(void),raw-c/10003f00_FUN_10003f00.c,docs/ggponet/native-runtime-mappings.md,native-runtime-mapped,"Native runtime mapping: anonymous helper audited in final pass; docs show no export name, no Fightcade protocol strings, and only library/helper reachability from already mapped STL/CRT/compiler support graph"
10003f20,std::function<void___cdecl(void)>::~function<void___cdecl(void)>,void __thiscall ~function<void___cdecl(void)>(function<void___cdecl(void)> * this),raw-c/10003f20_std_function_void___cdecl_void_function_void___cdecl_void_.c,docs/ggponet/native-runtime-mappings.md,native-runtime-mapped,Native runtime mapping: MSVC CRT/STL/compiler support helper supplied by libc++/libSystem/compiler runtime; no GGPO protocol logic
10003f40,FUN_10003f40,undefined FUN_10003f40(void),raw-c/10003f40_FUN_10003f40.c,Sources/FightcadeFBNeo/src/dep/ggponet-native/src/replay_backend.cpp,native_converted,Exact replay input deque count read
10003f60,FUN_10003f60,undefined FUN_10003f60(void),raw-c/10003f60_FUN_10003f60.c,docs/ggponet/native-runtime-mappings.md,native-runtime-mapped,"Native runtime mapping: anonymous helper audited in final pass; docs show no export name, no Fightcade protocol strings, and only library/helper reachability from already mapped STL/CRT/compiler support graph"
10003f80,"std::basic_string<wchar_t,std::char_traits<wchar_t>,std::allocator<wchar_t>_>::back","wchar_t * __thiscall back(basic_string<wchar_t,std::char_traits<wchar_t>,std::allocator<wchar_t>_> * this)",raw-c/10003f80_std_basic_string_wchar_t_std_char_traits_wchar_t_std_allocator_wchar_t___back.c,docs/ggponet/native-runtime-mappings.md,native-runtime-mapped,Native runtime mapping: clearly named MSVC CRT/STL/compiler support helper supplied by libc++/libSystem/compiler runtime; no GGPO protocol logic
10003fb0,FUN_10003fb0,undefined FUN_10003fb0(void),raw-c/10003fb0_FUN_10003fb0.c,docs/ggponet/native-runtime-mappings.md,native-runtime-mapped,Native runtime mapping: directly evidenced MSVC STL/CRT/compiler support helper supplied by libc++/libSystem/compiler runtime; no GGPO protocol logic
10004050,FUN_10004050,undefined FUN_10004050(void),raw-c/10004050_FUN_10004050.c,docs/ggponet/native-runtime-mappings.md,native-runtime-mapped,"Native runtime mapping: anonymous helper audited in final pass; docs show no export name, no Fightcade protocol strings, and only library/helper reachability from already mapped STL/CRT/compiler support graph"
10004130,FUN_10004130,undefined FUN_10004130(void),raw-c/10004130_FUN_10004130.c,docs/ggponet/native-runtime-mappings.md,native-runtime-mapped,Native runtime mapping: directly evidenced MSVC STL/CRT/compiler support helper supplied by libc++/libSystem/compiler runtime; no GGPO protocol logic
100041f0,FUN_100041f0,undefined FUN_100041f0(void),raw-c/100041f0_FUN_100041f0.c,docs/ggponet/native-runtime-mappings.md,native-runtime-mapped,Native runtime mapping: directly evidenced MSVC STL/CRT/compiler support helper supplied by libc++/libSystem/compiler runtime; no GGPO protocol logic
10004220,FUN_10004220,undefined FUN_10004220(void),raw-c/10004220_FUN_10004220.c,docs/ggponet/native-runtime-mappings.md,native-runtime-mapped,Native runtime mapping: directly evidenced MSVC STL/CRT/compiler support helper supplied by libc++/libSystem/compiler runtime; no GGPO protocol logic
100042c0,FUN_100042c0,undefined FUN_100042c0(void),raw-c/100042c0_FUN_100042c0.c,docs/ggponet/native-runtime-mappings.md,native-runtime-mapped,"Native runtime mapping: anonymous helper audited in final pass; docs show no export name, no Fightcade protocol strings, and only library/helper reachability from already mapped STL/CRT/compiler support graph"
100044e0,FUN_100044e0,undefined FUN_100044e0(void),raw-c/100044e0_FUN_100044e0.c,docs/ggponet/native-runtime-mappings.md,native-runtime-mapped,"Native runtime mapping: anonymous helper audited in final pass; docs show no export name, no Fightcade protocol strings, and only library/helper reachability from already mapped STL/CRT/compiler support graph"
10004500,std::allocator<std::_Container_proxy>::destroy,"void __thiscall destroy(allocator<std::_Container_proxy> * this, _Container_proxy * param_1)",raw-c/10004500_std_allocator_std__Container_proxy_destroy.c,docs/ggponet/native-runtime-mappings.md,native-runtime-mapped,Native runtime mapping: clearly named MSVC CRT/STL/compiler support helper supplied by libc++/libSystem/compiler runtime; no GGPO protocol logic
10004520,FUN_10004520,undefined FUN_10004520(void),raw-c/10004520_FUN_10004520.c,docs/ggponet/native-runtime-mappings.md,native-runtime-mapped,"Native runtime mapping: anonymous helper audited in final pass; docs show no export name, no Fightcade protocol strings, and only library/helper reachability from already mapped STL/CRT/compiler support graph"
10004540,FUN_10004540,undefined FUN_10004540(void),raw-c/10004540_FUN_10004540.c,docs/ggponet/native-runtime-mappings.md,native-runtime-mapped,Native runtime mapping: directly evidenced MSVC STL/CRT/compiler support helper supplied by libc++/libSystem/compiler runtime; no GGPO protocol logic
10004560,FUN_10004560,undefined FUN_10004560(void),raw-c/10004560_FUN_10004560.c,docs/ggponet/native-runtime-mappings.md,native-runtime-mapped,Native runtime mapping: directly evidenced MSVC STL/CRT/compiler support helper supplied by libc++/libSystem/compiler runtime; no GGPO protocol logic
100045a0,FUN_100045a0,undefined FUN_100045a0(void),raw-c/100045a0_FUN_100045a0.c,docs/ggponet/native-runtime-mappings.md,native-runtime-mapped,Native runtime mapping: final audit helper row directly evidenced as MSVC STL/CRT/compiler/exception/zlib/no-op support in docs/ggponet; native libc++/libSystem/compiler runtime supplies equivalent behavior and no GGPO protocol logic is present
100045c0,FUN_100045c0,undefined FUN_100045c0(void),raw-c/100045c0_FUN_100045c0.c,docs/ggponet/native-runtime-mappings.md,native-runtime-mapped,Native runtime mapping: directly evidenced MSVC STL/CRT/compiler support helper supplied by libc++/libSystem/compiler runtime; no GGPO protocol logic
10004640,FUN_10004640,undefined FUN_10004640(void),raw-c/10004640_FUN_10004640.c,docs/ggponet/native-runtime-mappings.md,native-runtime-mapped,"Native runtime mapping: anonymous helper audited in final pass; docs show no export name, no Fightcade protocol strings, and only library/helper reachability from already mapped STL/CRT/compiler support graph"
100046e0,FUN_100046e0,undefined FUN_100046e0(void),raw-c/100046e0_FUN_100046e0.c,docs/ggponet/native-runtime-mappings.md,native-runtime-mapped,"Native runtime mapping: anonymous helper audited in final pass; docs show no export name, no Fightcade protocol strings, and only library/helper reachability from already mapped STL/CRT/compiler support graph"
10004700,FUN_10004700,undefined FUN_10004700(void),raw-c/10004700_FUN_10004700.c,docs/ggponet/native-runtime-mappings.md,native-runtime-mapped,"Native runtime mapping: anonymous helper audited in final pass; docs show no export name, no Fightcade protocol strings, and only library/helper reachability from already mapped STL/CRT/compiler support graph"
100047a0,max_size,undefined max_size(void),raw-c/100047a0_max_size.c,docs/ggponet/native-runtime-mappings.md,native-runtime-mapped,Native runtime mapping: MSVC CRT/STL/compiler support helper supplied by libc++/libSystem/compiler runtime; no GGPO protocol logic
100047d0,FUN_100047d0,undefined FUN_100047d0(void),raw-c/100047d0_FUN_100047d0.c,docs/ggponet/native-runtime-mappings.md,native-runtime-mapped,"Native runtime mapping: anonymous helper audited in final pass; docs show no export name, no Fightcade protocol strings, and only library/helper reachability from already mapped STL/CRT/compiler support graph"
100047f0,FUN_100047f0,undefined FUN_100047f0(void),raw-c/100047f0_FUN_100047f0.c,docs/ggponet/native-runtime-mappings.md,native-runtime-mapped,"Native runtime mapping: anonymous helper audited in final pass; docs show no export name, no Fightcade protocol strings, and only library/helper reachability from already mapped STL/CRT/compiler support graph"
10004890,FUN_10004890,undefined FUN_10004890(void),raw-c/10004890_FUN_10004890.c,docs/ggponet/native-runtime-mappings.md,native-runtime-mapped,Native runtime mapping: final audit helper row directly evidenced as MSVC STL/CRT/compiler/exception/zlib/no-op support in docs/ggponet; native libc++/libSystem/compiler runtime supplies equivalent behavior and no GGPO protocol logic is present
100048d0,FUN_100048d0,undefined FUN_100048d0(void),raw-c/100048d0_FUN_100048d0.c,docs/ggponet/native-runtime-mappings.md,native-runtime-mapped,"Native runtime mapping: anonymous helper audited in final pass; docs show no export name, no Fightcade protocol strings, and only library/helper reachability from already mapped STL/CRT/compiler support graph"
10004930,FUN_10004930,undefined FUN_10004930(void),raw-c/10004930_FUN_10004930.c,docs/ggponet/native-runtime-mappings.md,native-runtime-mapped,"Native runtime mapping: anonymous helper audited in final pass; docs show no export name, no Fightcade protocol strings, and only library/helper reachability from already mapped STL/CRT/compiler support graph"
10004950,FID_conflict:length_error,undefined FID_conflict:length_error(void),raw-c/10004950_FID_conflict_length_error.c,docs/ggponet/native-runtime-mappings.md,native-runtime-mapped,Native runtime mapping: MSVC CRT/STL/compiler support helper supplied by libc++/libSystem/compiler runtime; no GGPO protocol logic
10004980,FUN_10004980,undefined FUN_10004980(void),raw-c/10004980_FUN_10004980.c,docs/ggponet/native-runtime-mappings.md,native-runtime-mapped,Native runtime mapping: directly evidenced MSVC STL/CRT/compiler support helper supplied by libc++/libSystem/compiler runtime; no GGPO protocol logic
100049a0,FUN_100049a0,undefined FUN_100049a0(void),raw-c/100049a0_FUN_100049a0.c,docs/ggponet/native-runtime-mappings.md,native-runtime-mapped,"Native runtime mapping: scalar deleting destructor for STL/CRT/support object; documented body only calls destructor and operator delete on flag bit, with no GGPO protocol logic"
100049d0,FID_conflict:invalid_argument,undefined FID_conflict:invalid_argument(void),raw-c/100049d0_FID_conflict_invalid_argument.c,docs/ggponet/native-runtime-mappings.md,native-runtime-mapped,Native runtime mapping: MSVC CRT/STL/compiler support helper supplied by libc++/libSystem/compiler runtime; no GGPO protocol logic
10004a00,FUN_10004a00,undefined FUN_10004a00(void),raw-c/10004a00_FUN_10004a00.c,docs/ggponet/native-runtime-mappings.md,native-runtime-mapped,"Native runtime mapping: anonymous helper audited in final pass; docs show no export name, no Fightcade protocol strings, and only library/helper reachability from already mapped STL/CRT/compiler support graph"
10004a40,FUN_10004a40,undefined FUN_10004a40(void),raw-c/10004a40_FUN_10004a40.c,docs/ggponet/native-runtime-mappings.md,native-runtime-mapped,"Native runtime mapping: anonymous helper audited in final pass; docs show no export name, no Fightcade protocol strings, and only library/helper reachability from already mapped STL/CRT/compiler support graph"
10004a60,FUN_10004a60,undefined FUN_10004a60(void),raw-c/10004a60_FUN_10004a60.c,docs/ggponet/native-runtime-mappings.md,native-runtime-mapped,Native runtime mapping: trivial no-op/getter/setter/return helper with no GGPO protocol behavior; covered by native compiler/runtime code generation
10004a70,FUN_10004a70,undefined FUN_10004a70(void),raw-c/10004a70_FUN_10004a70.c,docs/ggponet/native-runtime-mappings.md,native-runtime-mapped,Native runtime mapping: trivial no-op/getter/setter/return helper with no GGPO protocol behavior; covered by native compiler/runtime code generation
10004a80,FUN_10004a80,undefined FUN_10004a80(void),raw-c/10004a80_FUN_10004a80.c,docs/ggponet/native-runtime-mappings.md,native-runtime-mapped,"Native runtime mapping: anonymous helper audited in final pass; docs show no export name, no Fightcade protocol strings, and only library/helper reachability from already mapped STL/CRT/compiler support graph"
10004aa0,FUN_10004aa0,undefined FUN_10004aa0(void),raw-c/10004aa0_FUN_10004aa0.c,docs/ggponet/native-runtime-mappings.md,native-runtime-mapped,"Native runtime mapping: anonymous helper audited in final pass; docs show no export name, no Fightcade protocol strings, and only library/helper reachability from already mapped STL/CRT/compiler support graph"
10004ac0,FUN_10004ac0,undefined FUN_10004ac0(void),raw-c/10004ac0_FUN_10004ac0.c,docs/ggponet/native-runtime-mappings.md,native-runtime-mapped,"Native runtime mapping: anonymous helper audited in final pass; docs show no export name, no Fightcade protocol strings, and only library/helper reachability from already mapped STL/CRT/compiler support graph"
10004ae0,FUN_10004ae0,undefined FUN_10004ae0(void),raw-c/10004ae0_FUN_10004ae0.c,docs/ggponet/native-runtime-mappings.md,native-runtime-mapped,Native runtime mapping: directly evidenced MSVC STL/CRT/compiler support helper supplied by libc++/libSystem/compiler runtime; no GGPO protocol logic
10004b10,FUN_10004b10,undefined FUN_10004b10(void),raw-c/10004b10_FUN_10004b10.c,docs/ggponet/native-runtime-mappings.md,native-runtime-mapped,"Native runtime mapping: anonymous helper audited in final pass; docs show no export name, no Fightcade protocol strings, and only library/helper reachability from already mapped STL/CRT/compiler support graph"
10004bd0,FID_conflict:~CAtlWinModule,undefined FID_conflict:~CAtlWinModule(void),raw-c/10004bd0_FID_conflict_CAtlWinModule.c,docs/ggponet/native-runtime-mappings.md,native-runtime-mapped,Native runtime mapping: MSVC CRT/STL/compiler support helper supplied by libc++/libSystem/compiler runtime; no GGPO protocol logic
10004c30,FUN_10004c30,undefined FUN_10004c30(void),raw-c/10004c30_FUN_10004c30.c,docs/ggponet/native-runtime-mappings.md,native-runtime-mapped,Native runtime mapping: final audit helper row directly evidenced as MSVC STL/CRT/compiler/exception/zlib/no-op support in docs/ggponet; native libc++/libSystem/compiler runtime supplies equivalent behavior and no GGPO protocol logic is present
10004c60,FUN_10004c60,undefined FUN_10004c60(void),raw-c/10004c60_FUN_10004c60.c,docs/ggponet/native-runtime-mappings.md,native-runtime-mapped,"Native runtime mapping: anonymous helper audited in final pass; docs show no export name, no Fightcade protocol strings, and only library/helper reachability from already mapped STL/CRT/compiler support graph"
10004d00,FUN_10004d00,undefined FUN_10004d00(void),raw-c/10004d00_FUN_10004d00.c,docs/ggponet/native-runtime-mappings.md,native-runtime-mapped,"Native runtime mapping: anonymous helper audited in final pass; docs show no export name, no Fightcade protocol strings, and only library/helper reachability from already mapped STL/CRT/compiler support graph"
10004d20,FUN_10004d20,undefined FUN_10004d20(void),raw-c/10004d20_FUN_10004d20.c,docs/ggponet/native-runtime-mappings.md,native-runtime-mapped,"Native runtime mapping: anonymous helper audited in final pass; docs show no export name, no Fightcade protocol strings, and only library/helper reachability from already mapped STL/CRT/compiler support graph"
10004d50,FUN_10004d50,undefined FUN_10004d50(void),raw-c/10004d50_FUN_10004d50.c,docs/ggponet/native-runtime-mappings.md,native-runtime-mapped,"Native runtime mapping: anonymous helper audited in final pass; docs show no export name, no Fightcade protocol strings, and only library/helper reachability from already mapped STL/CRT/compiler support graph"
10004d80,FUN_10004d80,undefined FUN_10004d80(void),raw-c/10004d80_FUN_10004d80.c,docs/ggponet/native-runtime-mappings.md,native-runtime-mapped,Native runtime mapping: directly evidenced MSVC STL/CRT/compiler support helper supplied by libc++/libSystem/compiler runtime; no GGPO protocol logic
10004da0,FUN_10004da0,undefined FUN_10004da0(void),raw-c/10004da0_FUN_10004da0.c,docs/ggponet/native-runtime-mappings.md,native-runtime-mapped,"Native runtime mapping: anonymous helper audited in final pass; docs show no export name, no Fightcade protocol strings, and only library/helper reachability from already mapped STL/CRT/compiler support graph"
10004dc0,FUN_10004dc0,undefined FUN_10004dc0(void),raw-c/10004dc0_FUN_10004dc0.c,docs/ggponet/native-runtime-mappings.md,native-runtime-mapped,"Native runtime mapping: anonymous helper audited in final pass; docs show no export name, no Fightcade protocol strings, and only library/helper reachability from already mapped STL/CRT/compiler support graph"
10004ea0,FUN_10004ea0,undefined FUN_10004ea0(void),raw-c/10004ea0_FUN_10004ea0.c,docs/ggponet/native-runtime-mappings.md,native-runtime-mapped,"Native runtime mapping: anonymous helper audited in final pass; docs show no export name, no Fightcade protocol strings, and only library/helper reachability from already mapped STL/CRT/compiler support graph"
10004ec0,FUN_10004ec0,undefined FUN_10004ec0(void),raw-c/10004ec0_FUN_10004ec0.c,docs/ggponet/native-runtime-mappings.md,native-runtime-mapped,Native runtime mapping: directly evidenced MSVC STL/CRT/compiler support helper supplied by libc++/libSystem/compiler runtime; no GGPO protocol logic
10004f30,FUN_10004f30,undefined FUN_10004f30(void),raw-c/10004f30_FUN_10004f30.c,docs/ggponet/native-runtime-mappings.md,native-runtime-mapped,Native runtime mapping: final audit helper row directly evidenced as MSVC STL/CRT/compiler/exception/zlib/no-op support in docs/ggponet; native libc++/libSystem/compiler runtime supplies equivalent behavior and no GGPO protocol logic is present
10005550,FUN_10005550,undefined FUN_10005550(void),raw-c/10005550_FUN_10005550.c,docs/ggponet/native-runtime-mappings.md,native-runtime-mapped,Native runtime mapping: final audit helper row directly evidenced as MSVC STL/CRT/compiler/exception/zlib/no-op support in docs/ggponet; native libc++/libSystem/compiler runtime supplies equivalent behavior and no GGPO protocol logic is present
10005580,FUN_10005580,undefined FUN_10005580(void),raw-c/10005580_FUN_10005580.c,docs/ggponet/native-runtime-mappings.md,native-runtime-mapped,Native runtime mapping: directly evidenced MSVC STL/CRT/compiler support helper supplied by libc++/libSystem/compiler runtime; no GGPO protocol logic
10005650,FUN_10005650,undefined FUN_10005650(void),raw-c/10005650_FUN_10005650.c,docs/ggponet/native-runtime-mappings.md,native-runtime-mapped,"Native runtime mapping: anonymous helper audited in final pass; docs show no export name, no Fightcade protocol strings, and only library/helper reachability from already mapped STL/CRT/compiler support graph"
10005670,FUN_10005670,undefined FUN_10005670(void),raw-c/10005670_FUN_10005670.c,docs/ggponet/native-runtime-mappings.md,native-runtime-mapped,"Native runtime mapping: anonymous helper audited in final pass; docs show no export name, no Fightcade protocol strings, and only library/helper reachability from already mapped STL/CRT/compiler support graph"
100056d0,_Vector_iterator<>,undefined _Vector_iterator<>(void),raw-c/100056d0__Vector_iterator_.c,docs/ggponet/native-runtime-mappings.md,native-runtime-mapped,Native runtime mapping: MSVC CRT/STL/compiler support helper supplied by libc++/libSystem/compiler runtime; no GGPO protocol logic
100056f0,FUN_100056f0,undefined FUN_100056f0(void),raw-c/100056f0_FUN_100056f0.c,docs/ggponet/native-runtime-mappings.md,native-runtime-mapped,"Native runtime mapping: anonymous helper audited in final pass; docs show no export name, no Fightcade protocol strings, and only library/helper reachability from already mapped STL/CRT/compiler support graph"
10005710,FUN_10005710,undefined FUN_10005710(void),raw-c/10005710_FUN_10005710.c,docs/ggponet/native-runtime-mappings.md,native-runtime-mapped,"Native runtime mapping: anonymous helper audited in final pass; docs show no export name, no Fightcade protocol strings, and only library/helper reachability from already mapped STL/CRT/compiler support graph"
10005760,FUN_10005760,undefined FUN_10005760(void),raw-c/10005760_FUN_10005760.c,docs/ggponet/native-runtime-mappings.md,native-runtime-mapped,"Native runtime mapping: anonymous helper audited in final pass; docs show no export name, no Fightcade protocol strings, and only library/helper reachability from already mapped STL/CRT/compiler support graph"
10005790,FUN_10005790,undefined FUN_10005790(void),raw-c/10005790_FUN_10005790.c,docs/ggponet/native-runtime-mappings.md,native-runtime-mapped,Native runtime mapping: final audit helper row directly evidenced as MSVC STL/CRT/compiler/exception/zlib/no-op support in docs/ggponet; native libc++/libSystem/compiler runtime supplies equivalent behavior and no GGPO protocol logic is present
100057c0,FUN_100057c0,undefined FUN_100057c0(void),raw-c/100057c0_FUN_100057c0.c,docs/ggponet/native-runtime-mappings.md,native-runtime-mapped,Native runtime mapping: directly evidenced MSVC STL/CRT/compiler support helper supplied by libc++/libSystem/compiler runtime; no GGPO protocol logic
10005860,FUN_10005860,undefined FUN_10005860(void),raw-c/10005860_FUN_10005860.c,docs/ggponet/native-runtime-mappings.md,native-runtime-mapped,"Native runtime mapping: anonymous helper audited in final pass; docs show no export name, no Fightcade protocol strings, and only library/helper reachability from already mapped STL/CRT/compiler support graph"
10005a90,FUN_10005a90,undefined FUN_10005a90(void),raw-c/10005a90_FUN_10005a90.c,docs/ggponet/native-runtime-mappings.md,native-runtime-mapped,"Native runtime mapping: anonymous helper audited in final pass; docs show no export name, no Fightcade protocol strings, and only library/helper reachability from already mapped STL/CRT/compiler support graph"
10005aa0,FUN_10005aa0,undefined FUN_10005aa0(void),raw-c/10005aa0_FUN_10005aa0.c,docs/ggponet/native-runtime-mappings.md,native-runtime-mapped,"Native runtime mapping: anonymous helper audited in final pass; docs show no export name, no Fightcade protocol strings, and only library/helper reachability from already mapped STL/CRT/compiler support graph"
10005ab0,FUN_10005ab0,undefined FUN_10005ab0(void),raw-c/10005ab0_FUN_10005ab0.c,docs/ggponet/native-runtime-mappings.md,native-runtime-mapped,Native runtime mapping: final audit helper row directly evidenced as MSVC STL/CRT/compiler/exception/zlib/no-op support in docs/ggponet; native libc++/libSystem/compiler runtime supplies equivalent behavior and no GGPO protocol logic is present
10005ae0,FUN_10005ae0,undefined FUN_10005ae0(void),raw-c/10005ae0_FUN_10005ae0.c,docs/ggponet/native-runtime-mappings.md,native-runtime-mapped,Native runtime mapping: final audit helper row directly evidenced as MSVC STL/CRT/compiler/exception/zlib/no-op support in docs/ggponet; native libc++/libSystem/compiler runtime supplies equivalent behavior and no GGPO protocol logic is present
10005cb0,FUN_10005cb0,undefined FUN_10005cb0(void),raw-c/10005cb0_FUN_10005cb0.c,docs/ggponet/native-runtime-mappings.md,native-runtime-mapped,"Native runtime mapping: anonymous helper audited in final pass; docs show no export name, no Fightcade protocol strings, and only library/helper reachability from already mapped STL/CRT/compiler support graph"
10005d60,FUN_10005d60,undefined FUN_10005d60(void),raw-c/10005d60_FUN_10005d60.c,docs/ggponet/native-runtime-mappings.md,native-runtime-mapped,"Native runtime mapping: anonymous helper audited in final pass; docs show no export name, no Fightcade protocol strings, and only library/helper reachability from already mapped STL/CRT/compiler support graph"
10005dd0,FUN_10005dd0,undefined FUN_10005dd0(void),raw-c/10005dd0_FUN_10005dd0.c,docs/ggponet/native-runtime-mappings.md,native-runtime-mapped,Native runtime mapping: directly evidenced MSVC STL/CRT/compiler support helper supplied by libc++/libSystem/compiler runtime; no GGPO protocol logic
10006250,FUN_10006250,undefined FUN_10006250(void),raw-c/10006250_FUN_10006250.c,docs/ggponet/native-runtime-mappings.md,native-runtime-mapped,"Native runtime mapping: anonymous helper audited in final pass; docs show no export name, no Fightcade protocol strings, and only library/helper reachability from already mapped STL/CRT/compiler support graph"
100062e0,FUN_100062e0,undefined FUN_100062e0(void),raw-c/100062e0_FUN_100062e0.c,docs/ggponet/native-runtime-mappings.md,native-runtime-mapped,"Native runtime mapping: anonymous helper audited in final pass; docs show no export name, no Fightcade protocol strings, and only library/helper reachability from already mapped STL/CRT/compiler support graph"
10006300,FUN_10006300,undefined FUN_10006300(void),raw-c/10006300_FUN_10006300.c,docs/ggponet/native-runtime-mappings.md,native-runtime-mapped,Native runtime mapping: directly evidenced MSVC STL/CRT/compiler support helper supplied by libc++/libSystem/compiler runtime; no GGPO protocol logic
10006340,_String_const_iterator<>,undefined _String_const_iterator<>(void),raw-c/10006340__String_const_iterator_.c,docs/ggponet/native-runtime-mappings.md,native-runtime-mapped,Native runtime mapping: MSVC CRT/STL/compiler support helper supplied by libc++/libSystem/compiler runtime; no GGPO protocol logic
10006360,FUN_10006360,undefined FUN_10006360(void),raw-c/10006360_FUN_10006360.c,docs/ggponet/native-runtime-mappings.md,native-runtime-mapped,Native runtime mapping: final audit helper row directly evidenced as MSVC STL/CRT/compiler/exception/zlib/no-op support in docs/ggponet; native libc++/libSystem/compiler runtime supplies equivalent behavior and no GGPO protocol logic is present
100063a0,FUN_100063a0,undefined FUN_100063a0(void),raw-c/100063a0_FUN_100063a0.c,docs/ggponet/native-runtime-mappings.md,native-runtime-mapped,"Native runtime mapping: anonymous helper audited in final pass; docs show no export name, no Fightcade protocol strings, and only library/helper reachability from already mapped STL/CRT/compiler support graph"
100063f0,FUN_100063f0,undefined FUN_100063f0(void),raw-c/100063f0_FUN_100063f0.c,docs/ggponet/native-runtime-mappings.md,native-runtime-mapped,"Native runtime mapping: anonymous helper audited in final pass; docs show no export name, no Fightcade protocol strings, and only library/helper reachability from already mapped STL/CRT/compiler support graph"
10006410,FUN_10006410,undefined FUN_10006410(void),raw-c/10006410_FUN_10006410.c,docs/ggponet/native-runtime-mappings.md,native-runtime-mapped,"Native runtime mapping: anonymous helper audited in final pass; docs show no export name, no Fightcade protocol strings, and only library/helper reachability from already mapped STL/CRT/compiler support graph"
10006430,FUN_10006430,undefined FUN_10006430(void),raw-c/10006430_FUN_10006430.c,docs/ggponet/native-runtime-mappings.md,native-runtime-mapped,Native runtime mapping: final audit helper row directly evidenced as MSVC STL/CRT/compiler/exception/zlib/no-op support in docs/ggponet; native libc++/libSystem/compiler runtime supplies equivalent behavior and no GGPO protocol logic is present
10006450,FUN_10006450,undefined FUN_10006450(void),raw-c/10006450_FUN_10006450.c,docs/ggponet/native-runtime-mappings.md,native-runtime-mapped,"Native runtime mapping: anonymous helper audited in final pass; docs show no export name, no Fightcade protocol strings, and only library/helper reachability from already mapped STL/CRT/compiler support graph"
10006460,FUN_10006460,undefined FUN_10006460(void),raw-c/10006460_FUN_10006460.c,docs/ggponet/native-runtime-mappings.md,native-runtime-mapped,Native runtime mapping: final audit helper row directly evidenced as MSVC STL/CRT/compiler/exception/zlib/no-op support in docs/ggponet; native libc++/libSystem/compiler runtime supplies equivalent behavior and no GGPO protocol logic is present
10006490,FUN_10006490,undefined FUN_10006490(void),raw-c/10006490_FUN_10006490.c,docs/ggponet/native-runtime-mappings.md,native-runtime-mapped,Native runtime mapping: final audit helper row directly evidenced as MSVC STL/CRT/compiler/exception/zlib/no-op support in docs/ggponet; native libc++/libSystem/compiler runtime supplies equivalent behavior and no GGPO protocol logic is present
100064b0,FUN_100064b0,undefined FUN_100064b0(void),raw-c/100064b0_FUN_100064b0.c,docs/ggponet/native-runtime-mappings.md,native-runtime-mapped,Native runtime mapping: directly evidenced MSVC STL/CRT/compiler support helper supplied by libc++/libSystem/compiler runtime; no GGPO protocol logic
10006c90,FUN_10006c90,undefined FUN_10006c90(void),raw-c/10006c90_FUN_10006c90.c,docs/ggponet/native-runtime-mappings.md,native-runtime-mapped,"Native runtime mapping: anonymous helper audited in final pass; docs show no export name, no Fightcade protocol strings, and only library/helper reachability from already mapped STL/CRT/compiler support graph"
10006cf0,FUN_10006cf0,undefined FUN_10006cf0(void),raw-c/10006cf0_FUN_10006cf0.c,docs/ggponet/native-runtime-mappings.md,native-runtime-mapped,"Native runtime mapping: anonymous helper audited in final pass; docs show no export name, no Fightcade protocol strings, and only library/helper reachability from already mapped STL/CRT/compiler support graph"
10006d10,FUN_10006d10,undefined FUN_10006d10(void),raw-c/10006d10_FUN_10006d10.c,docs/ggponet/native-runtime-mappings.md,native-runtime-mapped,"Native runtime mapping: anonymous helper audited in final pass; docs show no export name, no Fightcade protocol strings, and only library/helper reachability from already mapped STL/CRT/compiler support graph"
10006e40,FUN_10006e40,undefined FUN_10006e40(void),raw-c/10006e40_FUN_10006e40.c,docs/ggponet/native-runtime-mappings.md,native-runtime-mapped,"Native runtime mapping: anonymous helper audited in final pass; docs show no export name, no Fightcade protocol strings, and only library/helper reachability from already mapped STL/CRT/compiler support graph"
10006e60,FUN_10006e60,undefined FUN_10006e60(void),raw-c/10006e60_FUN_10006e60.c,docs/ggponet/native-runtime-mappings.md,native-runtime-mapped,"Native runtime mapping: anonymous helper audited in final pass; docs show no export name, no Fightcade protocol strings, and only library/helper reachability from already mapped STL/CRT/compiler support graph"
10006f90,FUN_10006f90,undefined FUN_10006f90(void),raw-c/10006f90_FUN_10006f90.c,docs/ggponet/native-runtime-mappings.md,native-runtime-mapped,Native runtime mapping: directly evidenced MSVC STL/CRT/compiler support helper supplied by libc++/libSystem/compiler runtime; no GGPO protocol logic
1000705a,Catch_All@1000705a,undefined Catch_All@1000705a(void),raw-c/1000705a_Catch_All@1000705a.c,docs/ggponet/native-runtime-mappings.md,native-runtime-mapped,Native runtime mapping: MSVC CRT/STL/compiler support helper supplied by libc++/libSystem/compiler runtime; no GGPO protocol logic
100070bd,FUN_100070bd,undefined FUN_100070bd(void),raw-c/100070bd_FUN_100070bd.c,docs/ggponet/native-runtime-mappings.md,native-runtime-mapped,Native runtime mapping: directly evidenced MSVC STL/CRT/compiler support helper supplied by libc++/libSystem/compiler runtime; no GGPO protocol logic
10007100,FUN_10007100,undefined FUN_10007100(void),raw-c/10007100_FUN_10007100.c,docs/ggponet/native-runtime-mappings.md,native-runtime-mapped,Native runtime mapping: directly evidenced MSVC STL/CRT/compiler support helper supplied by libc++/libSystem/compiler runtime; no GGPO protocol logic
1000718e,Catch_All@1000718e,undefined Catch_All@1000718e(void),raw-c/1000718e_Catch_All@1000718e.c,docs/ggponet/native-runtime-mappings.md,native-runtime-mapped,Native runtime mapping: MSVC CRT/STL/compiler support helper supplied by libc++/libSystem/compiler runtime; no GGPO protocol logic
100071b5,FUN_100071b5,undefined FUN_100071b5(void),raw-c/100071b5_FUN_100071b5.c,docs/ggponet/native-runtime-mappings.md,native-runtime-mapped,Native runtime mapping: directly evidenced MSVC STL/CRT/compiler support helper supplied by libc++/libSystem/compiler runtime; no GGPO protocol logic
100071e0,FUN_100071e0,undefined FUN_100071e0(void),raw-c/100071e0_FUN_100071e0.c,docs/ggponet/native-runtime-mappings.md,native-runtime-mapped,Native runtime mapping: directly evidenced MSVC STL/CRT/compiler support helper supplied by libc++/libSystem/compiler runtime; no GGPO protocol logic
10007220,FUN_10007220,undefined FUN_10007220(void),raw-c/10007220_FUN_10007220.c,docs/ggponet/native-runtime-mappings.md,native-runtime-mapped,"Native runtime mapping: anonymous helper audited in final pass; docs show no export name, no Fightcade protocol strings, and only library/helper reachability from already mapped STL/CRT/compiler support graph"
10007240,FUN_10007240,undefined FUN_10007240(void),raw-c/10007240_FUN_10007240.c,docs/ggponet/native-runtime-mappings.md,native-runtime-mapped,"Native runtime mapping: anonymous helper audited in final pass; docs show no export name, no Fightcade protocol strings, and only library/helper reachability from already mapped STL/CRT/compiler support graph"
10007280,FUN_10007280,undefined FUN_10007280(void),raw-c/10007280_FUN_10007280.c,docs/ggponet/native-runtime-mappings.md,native-runtime-mapped,"Native runtime mapping: anonymous helper audited in final pass; docs show no export name, no Fightcade protocol strings, and only library/helper reachability from already mapped STL/CRT/compiler support graph"
100073b0,FUN_100073b0,undefined FUN_100073b0(void),raw-c/100073b0_FUN_100073b0.c,docs/ggponet/native-runtime-mappings.md,native-runtime-mapped,"Native runtime mapping: anonymous helper audited in final pass; docs show no export name, no Fightcade protocol strings, and only library/helper reachability from already mapped STL/CRT/compiler support graph"
10007490,_Vector_iterator<>,undefined _Vector_iterator<>(void),raw-c/10007490__Vector_iterator_.c,docs/ggponet/native-runtime-mappings.md,native-runtime-mapped,Native runtime mapping: MSVC CRT/STL/compiler support helper supplied by libc++/libSystem/compiler runtime; no GGPO protocol logic
100074b0,FUN_100074b0,undefined FUN_100074b0(void),raw-c/100074b0_FUN_100074b0.c,docs/ggponet/native-runtime-mappings.md,native-runtime-mapped,"Native runtime mapping: anonymous helper audited in final pass; docs show no export name, no Fightcade protocol strings, and only library/helper reachability from already mapped STL/CRT/compiler support graph"
100074e0,FUN_100074e0,undefined FUN_100074e0(void),raw-c/100074e0_FUN_100074e0.c,docs/ggponet/native-runtime-mappings.md,native-runtime-mapped,Native runtime mapping: directly evidenced MSVC STL/CRT/compiler support helper supplied by libc++/libSystem/compiler runtime; no GGPO protocol logic
10007560,FUN_10007560,undefined FUN_10007560(void),raw-c/10007560_FUN_10007560.c,docs/ggponet/native-runtime-mappings.md,native-runtime-mapped,"Native runtime mapping: anonymous helper audited in final pass; docs show no export name, no Fightcade protocol strings, and only library/helper reachability from already mapped STL/CRT/compiler support graph"
100075a0,FUN_100075a0,undefined FUN_100075a0(void),raw-c/100075a0_FUN_100075a0.c,docs/ggponet/native-runtime-mappings.md,native-runtime-mapped,"Native runtime mapping: anonymous helper audited in final pass; docs show no export name, no Fightcade protocol strings, and only library/helper reachability from already mapped STL/CRT/compiler support graph"
100075e0,FUN_100075e0,undefined FUN_100075e0(void),raw-c/100075e0_FUN_100075e0.c,docs/ggponet/native-runtime-mappings.md,native-runtime-mapped,Native runtime mapping: directly evidenced MSVC STL/CRT/compiler support helper supplied by libc++/libSystem/compiler runtime; no GGPO protocol logic
10007620,FUN_10007620,undefined FUN_10007620(void),raw-c/10007620_FUN_10007620.c,docs/ggponet/native-runtime-mappings.md,native-runtime-mapped,"Native runtime mapping: anonymous helper audited in final pass; docs show no export name, no Fightcade protocol strings, and only library/helper reachability from already mapped STL/CRT/compiler support graph"
10007640,FUN_10007640,undefined FUN_10007640(void),raw-c/10007640_FUN_10007640.c,docs/ggponet/native-runtime-mappings.md,native-runtime-mapped,"Native runtime mapping: anonymous helper audited in final pass; docs show no export name, no Fightcade protocol strings, and only library/helper reachability from already mapped STL/CRT/compiler support graph"
10007660,FUN_10007660,undefined FUN_10007660(void),raw-c/10007660_FUN_10007660.c,docs/ggponet/native-runtime-mappings.md,native-runtime-mapped,Native runtime mapping: final audit helper row directly evidenced as MSVC STL/CRT/compiler/exception/zlib/no-op support in docs/ggponet; native libc++/libSystem/compiler runtime supplies equivalent behavior and no GGPO protocol logic is present
100076d0,FUN_100076d0,undefined FUN_100076d0(void),raw-c/100076d0_FUN_100076d0.c,docs/ggponet/native-runtime-mappings.md,native-runtime-mapped,"Native runtime mapping: anonymous helper audited in final pass; docs show no export name, no Fightcade protocol strings, and only library/helper reachability from already mapped STL/CRT/compiler support graph"
10007720,FUN_10007720,undefined FUN_10007720(void),raw-c/10007720_FUN_10007720.c,docs/ggponet/native-runtime-mappings.md,native-runtime-mapped,Native runtime mapping: directly evidenced MSVC STL/CRT/compiler support helper supplied by libc++/libSystem/compiler runtime; no GGPO protocol logic
10007750,FUN_10007750,undefined FUN_10007750(void),raw-c/10007750_FUN_10007750.c,docs/ggponet/native-runtime-mappings.md,native-runtime-mapped,"Native runtime mapping: anonymous helper audited in final pass; docs show no export name, no Fightcade protocol strings, and only library/helper reachability from already mapped STL/CRT/compiler support graph"
10007780,FUN_10007780,undefined FUN_10007780(void),raw-c/10007780_FUN_10007780.c,docs/ggponet/native-runtime-mappings.md,native-runtime-mapped,Native runtime mapping: directly evidenced MSVC STL/CRT/compiler support helper supplied by libc++/libSystem/compiler runtime; no GGPO protocol logic
100077d0,FUN_100077d0,undefined FUN_100077d0(void),raw-c/100077d0_FUN_100077d0.c,docs/ggponet/native-runtime-mappings.md,native-runtime-mapped,"Native runtime mapping: anonymous helper audited in final pass; docs show no export name, no Fightcade protocol strings, and only library/helper reachability from already mapped STL/CRT/compiler support graph"
10007810,FUN_10007810,undefined FUN_10007810(void),raw-c/10007810_FUN_10007810.c,Sources/FightcadeFBNeo/src/dep/ggponet-native/src/udp_protocol.cpp,native_converted,UdpMsg wire size wrapper: native message_size returns payload size plus type byte
10007830,FUN_10007830,undefined FUN_10007830(void),raw-c/10007830_FUN_10007830.c,Sources/FightcadeFBNeo/src/dep/ggponet-native/src/udp_protocol.cpp,native_converted,UdpMsg payload size by type including compressed-input bitvector length
10007990,FUN_10007990,undefined FUN_10007990(void),raw-c/10007990_FUN_10007990.c,Sources/FightcadeFBNeo/src/dep/ggponet-native/src/udp_socket.cpp,native_converted,UDP packet-stat construction: stores packet size with current monotonic timestamp
100079c0,FUN_100079c0,undefined FUN_100079c0(void),raw-c/100079c0_FUN_100079c0.c,docs/ggponet/native-runtime-mappings.md,native-runtime-mapped,"Native runtime mapping: anonymous helper audited in final pass; docs show no export name, no Fightcade protocol strings, and only library/helper reachability from already mapped STL/CRT/compiler support graph"
100079f0,FUN_100079f0,undefined FUN_100079f0(void),raw-c/100079f0_FUN_100079f0.c,Sources/FightcadeFBNeo/src/dep/ggponet-native/src/poll_backend.cpp,native_converted,Poll callback pair construction: stores target object and context
10007a20,FUN_10007a20,undefined FUN_10007a20(void),raw-c/10007a20_FUN_10007a20.c,docs/ggponet/native-runtime-mappings.md,native-runtime-mapped,Native runtime mapping: directly evidenced MSVC STL/CRT/compiler support helper supplied by libc++/libSystem/compiler runtime; no GGPO protocol logic
10007a40,FUN_10007a40,undefined FUN_10007a40(void),raw-c/10007a40_FUN_10007a40.c,docs/ggponet/native-runtime-mappings.md,native-runtime-mapped,Native runtime mapping: directly evidenced MSVC STL/CRT/compiler support helper supplied by libc++/libSystem/compiler runtime; no GGPO protocol logic
10007ac0,FUN_10007ac0,undefined FUN_10007ac0(void),raw-c/10007ac0_FUN_10007ac0.c,docs/ggponet/native-runtime-mappings.md,native-runtime-mapped,Native runtime mapping: final audit helper row directly evidenced as MSVC STL/CRT/compiler/exception/zlib/no-op support in docs/ggponet; native libc++/libSystem/compiler runtime supplies equivalent behavior and no GGPO protocol logic is present
10007af0,FUN_10007af0,undefined FUN_10007af0(void),raw-c/10007af0_FUN_10007af0.c,docs/ggponet/native-runtime-mappings.md,native-runtime-mapped,"Native runtime mapping: anonymous helper audited in final pass; docs show no export name, no Fightcade protocol strings, and only library/helper reachability from already mapped STL/CRT/compiler support graph"
10007b10,FUN_10007b10,undefined FUN_10007b10(void),raw-c/10007b10_FUN_10007b10.c,docs/ggponet/native-runtime-mappings.md,native-runtime-mapped,"Native runtime mapping: anonymous helper audited in final pass; docs show no export name, no Fightcade protocol strings, and only library/helper reachability from already mapped STL/CRT/compiler support graph"
10007b40,FUN_10007b40,undefined FUN_10007b40(void),raw-c/10007b40_FUN_10007b40.c,docs/ggponet/native-runtime-mappings.md,native-runtime-mapped,"Native runtime mapping: anonymous helper audited in final pass; docs show no export name, no Fightcade protocol strings, and only library/helper reachability from already mapped STL/CRT/compiler support graph"
10007b80,FUN_10007b80,undefined FUN_10007b80(void),raw-c/10007b80_FUN_10007b80.c,docs/ggponet/native-runtime-mappings.md,native-runtime-mapped,"Native runtime mapping: anonymous helper audited in final pass; docs show no export name, no Fightcade protocol strings, and only library/helper reachability from already mapped STL/CRT/compiler support graph"
10007ba0,FUN_10007ba0,undefined FUN_10007ba0(void),raw-c/10007ba0_FUN_10007ba0.c,docs/ggponet/native-runtime-mappings.md,native-runtime-mapped,"Native runtime mapping: anonymous helper audited in final pass; docs show no export name, no Fightcade protocol strings, and only library/helper reachability from already mapped STL/CRT/compiler support graph"
10007bc0,FUN_10007bc0,undefined FUN_10007bc0(void),raw-c/10007bc0_FUN_10007bc0.c,docs/ggponet/native-runtime-mappings.md,native-runtime-mapped,"Native runtime mapping: anonymous helper audited in final pass; docs show no export name, no Fightcade protocol strings, and only library/helper reachability from already mapped STL/CRT/compiler support graph"
10007be0,std::function<void___cdecl(void)>::~function<void___cdecl(void)>,void __thiscall ~function<void___cdecl(void)>(function<void___cdecl(void)> * this),raw-c/10007be0_std_function_void___cdecl_void_function_void___cdecl_void_.c,docs/ggponet/native-runtime-mappings.md,native-runtime-mapped,Native runtime mapping: MSVC CRT/STL/compiler support helper supplied by libc++/libSystem/compiler runtime; no GGPO protocol logic
10007c00,FUN_10007c00,undefined FUN_10007c00(void),raw-c/10007c00_FUN_10007c00.c,docs/ggponet/native-runtime-mappings.md,native-runtime-mapped,"Native runtime mapping: anonymous helper audited in final pass; docs show no export name, no Fightcade protocol strings, and only library/helper reachability from already mapped STL/CRT/compiler support graph"
10007c40,FUN_10007c40,undefined FUN_10007c40(void),raw-c/10007c40_FUN_10007c40.c,docs/ggponet/native-runtime-mappings.md,native-runtime-mapped,Native runtime mapping: directly evidenced MSVC STL/CRT/compiler support helper supplied by libc++/libSystem/compiler runtime; no GGPO protocol logic
10007c60,FUN_10007c60,undefined FUN_10007c60(void),raw-c/10007c60_FUN_10007c60.c,docs/ggponet/native-runtime-mappings.md,native-runtime-mapped,Native runtime mapping: directly evidenced MSVC STL/CRT/compiler support helper supplied by libc++/libSystem/compiler runtime; no GGPO protocol logic
10007c70,FUN_10007c70,undefined FUN_10007c70(void),raw-c/10007c70_FUN_10007c70.c,docs/ggponet/native-runtime-mappings.md,native-runtime-mapped,"Native runtime mapping: anonymous helper audited in final pass; docs show no export name, no Fightcade protocol strings, and only library/helper reachability from already mapped STL/CRT/compiler support graph"
10007cf0,FUN_10007cf0,undefined FUN_10007cf0(void),raw-c/10007cf0_FUN_10007cf0.c,docs/ggponet/native-runtime-mappings.md,native-runtime-mapped,Native runtime mapping: directly evidenced MSVC STL/CRT/compiler support helper supplied by libc++/libSystem/compiler runtime; no GGPO protocol logic
10007d80,Catch_All@10007d80,undefined Catch_All@10007d80(void),raw-c/10007d80_Catch_All@10007d80.c,docs/ggponet/native-runtime-mappings.md,native-runtime-mapped,Native runtime mapping: MSVC CRT/STL/compiler support helper supplied by libc++/libSystem/compiler runtime; no GGPO protocol logic
10007dc5,FUN_10007dc5,undefined FUN_10007dc5(void),raw-c/10007dc5_FUN_10007dc5.c,docs/ggponet/native-runtime-mappings.md,native-runtime-mapped,Native runtime mapping: directly evidenced MSVC STL/CRT/compiler support helper supplied by libc++/libSystem/compiler runtime; no GGPO protocol logic
10007df0,IsEnd,undefined IsEnd(void),raw-c/10007df0_IsEnd.c,docs/ggponet/native-runtime-mappings.md,native-runtime-mapped,Native runtime mapping: directly evidenced MSVC STL/CRT/compiler support helper supplied by libc++/libSystem/compiler runtime; no GGPO protocol logic
10007e10,FUN_10007e10,undefined FUN_10007e10(void),raw-c/10007e10_FUN_10007e10.c,docs/ggponet/native-runtime-mappings.md,native-runtime-mapped,"Native runtime mapping: anonymous helper audited in final pass; docs show no export name, no Fightcade protocol strings, and only library/helper reachability from already mapped STL/CRT/compiler support graph"
10007e30,FUN_10007e30,undefined FUN_10007e30(void),raw-c/10007e30_FUN_10007e30.c,docs/ggponet/native-runtime-mappings.md,native-runtime-mapped,Native runtime mapping: directly evidenced MSVC STL/CRT/compiler support helper supplied by libc++/libSystem/compiler runtime; no GGPO protocol logic
10007ee0,FUN_10007ee0,undefined FUN_10007ee0(void),raw-c/10007ee0_FUN_10007ee0.c,docs/ggponet/native-runtime-mappings.md,native-runtime-mapped,"Native runtime mapping: anonymous helper audited in final pass; docs show no export name, no Fightcade protocol strings, and only library/helper reachability from already mapped STL/CRT/compiler support graph"
10007fc0,FUN_10007fc0,undefined FUN_10007fc0(void),raw-c/10007fc0_FUN_10007fc0.c,docs/ggponet/native-runtime-mappings.md,native-runtime-mapped,Native runtime mapping: directly evidenced MSVC STL/CRT/compiler support helper supplied by libc++/libSystem/compiler runtime; no GGPO protocol logic
10008080,_Vector_iterator<>,undefined _Vector_iterator<>(void),raw-c/10008080__Vector_iterator_.c,docs/ggponet/native-runtime-mappings.md,native-runtime-mapped,Native runtime mapping: MSVC CRT/STL/compiler support helper supplied by libc++/libSystem/compiler runtime; no GGPO protocol logic
100080a0,FUN_100080a0,undefined FUN_100080a0(void),raw-c/100080a0_FUN_100080a0.c,docs/ggponet/native-runtime-mappings.md,native-runtime-mapped,"Native runtime mapping: anonymous helper audited in final pass; docs show no export name, no Fightcade protocol strings, and only library/helper reachability from already mapped STL/CRT/compiler support graph"
100080c0,FUN_100080c0,undefined FUN_100080c0(void),raw-c/100080c0_FUN_100080c0.c,docs/ggponet/native-runtime-mappings.md,native-runtime-mapped,"Native runtime mapping: anonymous helper audited in final pass; docs show no export name, no Fightcade protocol strings, and only library/helper reachability from already mapped STL/CRT/compiler support graph"
100080e0,FUN_100080e0,undefined FUN_100080e0(void),raw-c/100080e0_FUN_100080e0.c,docs/ggponet/native-runtime-mappings.md,native-runtime-mapped,Native runtime mapping: final audit helper row directly evidenced as MSVC STL/CRT/compiler/exception/zlib/no-op support in docs/ggponet; native libc++/libSystem/compiler runtime supplies equivalent behavior and no GGPO protocol logic is present
10008100,FUN_10008100,undefined FUN_10008100(void),raw-c/10008100_FUN_10008100.c,docs/ggponet/native-runtime-mappings.md,native-runtime-mapped,Native runtime mapping: directly evidenced MSVC STL/CRT/compiler support helper supplied by libc++/libSystem/compiler runtime; no GGPO protocol logic
100081b5,Catch_All@100081b5,undefined Catch_All@100081b5(void),raw-c/100081b5_Catch_All@100081b5.c,docs/ggponet/native-runtime-mappings.md,native-runtime-mapped,Native runtime mapping: MSVC CRT/STL/compiler support helper supplied by libc++/libSystem/compiler runtime; no GGPO protocol logic
10008218,FUN_10008218,undefined FUN_10008218(void),raw-c/10008218_FUN_10008218.c,docs/ggponet/native-runtime-mappings.md,native-runtime-mapped,Native runtime mapping: directly evidenced MSVC STL/CRT/compiler support helper supplied by libc++/libSystem/compiler runtime; no GGPO protocol logic
10008240,FUN_10008240,undefined FUN_10008240(void),raw-c/10008240_FUN_10008240.c,docs/ggponet/native-runtime-mappings.md,native-runtime-mapped,Native runtime mapping: directly evidenced MSVC STL/CRT/compiler support helper supplied by libc++/libSystem/compiler runtime; no GGPO protocol logic
100082e0,FUN_100082e0,undefined FUN_100082e0(void),raw-c/100082e0_FUN_100082e0.c,docs/ggponet/native-runtime-mappings.md,native-runtime-mapped,"Native runtime mapping: anonymous helper audited in final pass; docs show no export name, no Fightcade protocol strings, and only library/helper reachability from already mapped STL/CRT/compiler support graph"
10008300,FUN_10008300,undefined FUN_10008300(void),raw-c/10008300_FUN_10008300.c,docs/ggponet/native-runtime-mappings.md,native-runtime-mapped,Native runtime mapping: directly evidenced MSVC STL/CRT/compiler support helper supplied by libc++/libSystem/compiler runtime; no GGPO protocol logic
100083a0,FUN_100083a0,undefined FUN_100083a0(void),raw-c/100083a0_FUN_100083a0.c,docs/ggponet/native-runtime-mappings.md,native-runtime-mapped,"Native runtime mapping: anonymous helper audited in final pass; docs show no export name, no Fightcade protocol strings, and only library/helper reachability from already mapped STL/CRT/compiler support graph"
100085c0,FUN_100085c0,undefined FUN_100085c0(void),raw-c/100085c0_FUN_100085c0.c,docs/ggponet/native-runtime-mappings.md,native-runtime-mapped,"Native runtime mapping: anonymous helper audited in final pass; docs show no export name, no Fightcade protocol strings, and only library/helper reachability from already mapped STL/CRT/compiler support graph"
100085e0,FUN_100085e0,undefined FUN_100085e0(void),raw-c/100085e0_FUN_100085e0.c,docs/ggponet/native-runtime-mappings.md,native-runtime-mapped,Native runtime mapping: final audit helper row directly evidenced as MSVC STL/CRT/compiler/exception/zlib/no-op support in docs/ggponet; native libc++/libSystem/compiler runtime supplies equivalent behavior and no GGPO protocol logic is present
10008630,FUN_10008630,undefined FUN_10008630(void),raw-c/10008630_FUN_10008630.c,docs/ggponet/native-runtime-mappings.md,native-runtime-mapped,"Native runtime mapping: anonymous helper audited in final pass; docs show no export name, no Fightcade protocol strings, and only library/helper reachability from already mapped STL/CRT/compiler support graph"
100086a0,FUN_100086a0,undefined FUN_100086a0(void),raw-c/100086a0_FUN_100086a0.c,docs/ggponet/native-runtime-mappings.md,native-runtime-mapped,"Native runtime mapping: anonymous helper audited in final pass; docs show no export name, no Fightcade protocol strings, and only library/helper reachability from already mapped STL/CRT/compiler support graph"
100086c0,FUN_100086c0,undefined FUN_100086c0(void),raw-c/100086c0_FUN_100086c0.c,docs/ggponet/native-runtime-mappings.md,native-runtime-mapped,Native runtime mapping: final audit helper row directly evidenced as MSVC STL/CRT/compiler/exception/zlib/no-op support in docs/ggponet; native libc++/libSystem/compiler runtime supplies equivalent behavior and no GGPO protocol logic is present
100086e0,FUN_100086e0,undefined FUN_100086e0(void),raw-c/100086e0_FUN_100086e0.c,docs/ggponet/native-runtime-mappings.md,native-runtime-mapped,"Native runtime mapping: anonymous helper audited in final pass; docs show no export name, no Fightcade protocol strings, and only library/helper reachability from already mapped STL/CRT/compiler support graph"
100086f0,FUN_100086f0,undefined FUN_100086f0(void),raw-c/100086f0_FUN_100086f0.c,docs/ggponet/native-runtime-mappings.md,native-runtime-mapped,Native runtime mapping: final audit helper row directly evidenced as MSVC STL/CRT/compiler/exception/zlib/no-op support in docs/ggponet; native libc++/libSystem/compiler runtime supplies equivalent behavior and no GGPO protocol logic is present
10008710,FUN_10008710,undefined FUN_10008710(void),raw-c/10008710_FUN_10008710.c,docs/ggponet/native-runtime-mappings.md,native-runtime-mapped,"Native runtime mapping: anonymous helper audited in final pass; docs show no export name, no Fightcade protocol strings, and only library/helper reachability from already mapped STL/CRT/compiler support graph"
10008730,FUN_10008730,undefined FUN_10008730(void),raw-c/10008730_FUN_10008730.c,docs/ggponet/native-runtime-mappings.md,native-runtime-mapped,Native runtime mapping: final audit helper row directly evidenced as MSVC STL/CRT/compiler/exception/zlib/no-op support in docs/ggponet; native libc++/libSystem/compiler runtime supplies equivalent behavior and no GGPO protocol logic is present
10008750,FUN_10008750,undefined FUN_10008750(void),raw-c/10008750_FUN_10008750.c,docs/ggponet/native-runtime-mappings.md,native-runtime-mapped,"Native runtime mapping: anonymous helper audited in final pass; docs show no export name, no Fightcade protocol strings, and only library/helper reachability from already mapped STL/CRT/compiler support graph"
100087f0,FUN_100087f0,undefined FUN_100087f0(void),raw-c/100087f0_FUN_100087f0.c,docs/ggponet/native-runtime-mappings.md,native-runtime-mapped,"Native runtime mapping: anonymous helper audited in final pass; docs show no export name, no Fightcade protocol strings, and only library/helper reachability from already mapped STL/CRT/compiler support graph"
10008810,FUN_10008810,undefined FUN_10008810(void),raw-c/10008810_FUN_10008810.c,docs/ggponet/native-runtime-mappings.md,native-runtime-mapped,Native runtime mapping: directly evidenced MSVC STL/CRT/compiler support helper supplied by libc++/libSystem/compiler runtime; no GGPO protocol logic
10008860,FUN_10008860,undefined FUN_10008860(void),raw-c/10008860_FUN_10008860.c,docs/ggponet/native-runtime-mappings.md,native-runtime-mapped,Native runtime mapping: directly evidenced MSVC STL/CRT/compiler support helper supplied by libc++/libSystem/compiler runtime; no GGPO protocol logic
100088b0,FUN_100088b0,undefined FUN_100088b0(void),raw-c/100088b0_FUN_100088b0.c,docs/ggponet/native-runtime-mappings.md,native-runtime-mapped,"Native runtime mapping: anonymous helper audited in final pass; docs show no export name, no Fightcade protocol strings, and only library/helper reachability from already mapped STL/CRT/compiler support graph"
10008900,FUN_10008900,undefined FUN_10008900(void),raw-c/10008900_FUN_10008900.c,docs/ggponet/native-runtime-mappings.md,native-runtime-mapped,Native runtime mapping: final audit helper row directly evidenced as MSVC STL/CRT/compiler/exception/zlib/no-op support in docs/ggponet; native libc++/libSystem/compiler runtime supplies equivalent behavior and no GGPO protocol logic is present
10008950,FUN_10008950,undefined FUN_10008950(void),raw-c/10008950_FUN_10008950.c,Sources/FightcadeFBNeo/src/dep/ggponet-native/src/udp_protocol.cpp,native_converted,UdpMsg constructor: stores message type byte
10008970,FUN_10008970,undefined FUN_10008970(void),raw-c/10008970_FUN_10008970.c,Sources/FightcadeFBNeo/src/dep/ggponet-native/src/game_input.cpp,native_converted,Native GameInput bit test over bits[bit / 8] and bit % 8
100089b0,FUN_100089b0,undefined FUN_100089b0(void),raw-c/100089b0_FUN_100089b0.c,docs/ggponet/native-runtime-mappings.md,native-runtime-mapped,"Native runtime mapping: anonymous helper audited in final pass; docs show no export name, no Fightcade protocol strings, and only library/helper reachability from already mapped STL/CRT/compiler support graph"
10008a00,FUN_10008a00,undefined FUN_10008a00(void),raw-c/10008a00_FUN_10008a00.c,docs/ggponet/native-runtime-mappings.md,native-runtime-mapped,"Native runtime mapping: anonymous helper audited in final pass; docs show no export name, no Fightcade protocol strings, and only library/helper reachability from already mapped STL/CRT/compiler support graph"
10008a50,FUN_10008a50,undefined FUN_10008a50(void),raw-c/10008a50_FUN_10008a50.c,Sources/FightcadeFBNeo/src/dep/ggponet-native/src/udp_protocol.cpp,native_converted,Udp::Callbacks vtable construction mapped to native UdpReceiver callback table
10008a70,FUN_10008a70,undefined FUN_10008a70(void),raw-c/10008a70_FUN_10008a70.c,docs/ggponet/native-runtime-mappings.md,native-runtime-mapped,"Native runtime mapping: anonymous helper audited in final pass; docs show no export name, no Fightcade protocol strings, and only library/helper reachability from already mapped STL/CRT/compiler support graph"
10008a90,FUN_10008a90,undefined FUN_10008a90(void),raw-c/10008a90_FUN_10008a90.c,docs/ggponet/native-runtime-mappings.md,native-runtime-mapped,"Native runtime mapping: anonymous helper audited in final pass; docs show no export name, no Fightcade protocol strings, and only library/helper reachability from already mapped STL/CRT/compiler support graph"
10008ab0,FUN_10008ab0,undefined FUN_10008ab0(void),raw-c/10008ab0_FUN_10008ab0.c,docs/ggponet/native-runtime-mappings.md,native-runtime-mapped,Native runtime mapping: directly evidenced MSVC STL/CRT/compiler support helper supplied by libc++/libSystem/compiler runtime; no GGPO protocol logic
10008b60,max_size,undefined max_size(void),raw-c/10008b60_max_size.c,docs/ggponet/native-runtime-mappings.md,native-runtime-mapped,Native runtime mapping: MSVC CRT/STL/compiler support helper supplied by libc++/libSystem/compiler runtime; no GGPO protocol logic
10008b90,FUN_10008b90,undefined FUN_10008b90(void),raw-c/10008b90_FUN_10008b90.c,docs/ggponet/native-runtime-mappings.md,native-runtime-mapped,"Native runtime mapping: anonymous helper audited in final pass; docs show no export name, no Fightcade protocol strings, and only library/helper reachability from already mapped STL/CRT/compiler support graph"
10008bb0,FUN_10008bb0,undefined FUN_10008bb0(void),raw-c/10008bb0_FUN_10008bb0.c,docs/ggponet/native-runtime-mappings.md,native-runtime-mapped,"Native runtime mapping: anonymous helper audited in final pass; docs show no export name, no Fightcade protocol strings, and only library/helper reachability from already mapped STL/CRT/compiler support graph"
10008bd0,FUN_10008bd0,undefined FUN_10008bd0(void),raw-c/10008bd0_FUN_10008bd0.c,docs/ggponet/native-runtime-mappings.md,native-runtime-mapped,"Native runtime mapping: anonymous helper audited in final pass; docs show no export name, no Fightcade protocol strings, and only library/helper reachability from already mapped STL/CRT/compiler support graph"
10008c10,FUN_10008c10,undefined FUN_10008c10(void),raw-c/10008c10_FUN_10008c10.c,docs/ggponet/native-runtime-mappings.md,native-runtime-mapped,Native runtime mapping: trivial no-op/getter/setter/return helper with no GGPO protocol behavior; covered by native compiler/runtime code generation
10008c20,FUN_10008c20,undefined FUN_10008c20(void),raw-c/10008c20_FUN_10008c20.c,docs/ggponet/native-runtime-mappings.md,native-runtime-mapped,"Native runtime mapping: anonymous helper audited in final pass; docs show no export name, no Fightcade protocol strings, and only library/helper reachability from already mapped STL/CRT/compiler support graph"
10008c60,FUN_10008c60,undefined FUN_10008c60(void),raw-c/10008c60_FUN_10008c60.c,docs/ggponet/native-runtime-mappings.md,native-runtime-mapped,"Native runtime mapping: anonymous helper audited in final pass; docs show no export name, no Fightcade protocol strings, and only library/helper reachability from already mapped STL/CRT/compiler support graph"
10008c90,FUN_10008c90,undefined FUN_10008c90(void),raw-c/10008c90_FUN_10008c90.c,Sources/FightcadeFBNeo/src/dep/ggponet-native/src/poll_backend.cpp,native_converted,Poll timer record construction: target/context plus interval and zero last-fired time
10008cd0,`vector_constructor_iterator',"void __stdcall `vector_constructor_iterator'(void * param_1, uint param_2, int param_3, _func_void_ptr_void_ptr * param_4)",raw-c/10008cd0__vector_constructor_iterator_.c,docs/ggponet/native-runtime-mappings.md,native-runtime-mapped,Native runtime mapping: directly evidenced MSVC STL/CRT/compiler support helper supplied by libc++/libSystem/compiler runtime; no GGPO protocol logic
10008d00,FUN_10008d00,undefined FUN_10008d00(void),raw-c/10008d00_FUN_10008d00.c,docs/ggponet/native-runtime-mappings.md,native-runtime-mapped,Native runtime mapping: directly evidenced MSVC STL/CRT/compiler support helper supplied by libc++/libSystem/compiler runtime; no GGPO protocol logic
10008d70,FUN_10008d70,undefined FUN_10008d70(void),raw-c/10008d70_FUN_10008d70.c,docs/ggponet/native-runtime-mappings.md,native-runtime-mapped,"Native runtime mapping: anonymous helper audited in final pass; docs show no export name, no Fightcade protocol strings, and only library/helper reachability from already mapped STL/CRT/compiler support graph"
10008d90,FUN_10008d90,undefined FUN_10008d90(void),raw-c/10008d90_FUN_10008d90.c,docs/ggponet/native-runtime-mappings.md,native-runtime-mapped,"Native runtime mapping: anonymous helper audited in final pass; docs show no export name, no Fightcade protocol strings, and only library/helper reachability from already mapped STL/CRT/compiler support graph"
10008dc0,FUN_10008dc0,undefined FUN_10008dc0(void),raw-c/10008dc0_FUN_10008dc0.c,docs/ggponet/native-runtime-mappings.md,native-runtime-mapped,"Native runtime mapping: anonymous helper audited in final pass; docs show no export name, no Fightcade protocol strings, and only library/helper reachability from already mapped STL/CRT/compiler support graph"
10008e40,FUN_10008e40,undefined FUN_10008e40(void),raw-c/10008e40_FUN_10008e40.c,docs/ggponet/native-runtime-mappings.md,native-runtime-mapped,Native runtime mapping: directly evidenced MSVC STL/CRT/compiler support helper supplied by libc++/libSystem/compiler runtime; no GGPO protocol logic
10008eb0,FUN_10008eb0,undefined FUN_10008eb0(void),raw-c/10008eb0_FUN_10008eb0.c,docs/ggponet/native-runtime-mappings.md,native-runtime-mapped,"Native runtime mapping: anonymous helper audited in final pass; docs show no export name, no Fightcade protocol strings, and only library/helper reachability from already mapped STL/CRT/compiler support graph"
10008ed0,FUN_10008ed0,undefined FUN_10008ed0(void),raw-c/10008ed0_FUN_10008ed0.c,docs/ggponet/native-runtime-mappings.md,native-runtime-mapped,"Native runtime mapping: anonymous helper audited in final pass; docs show no export name, no Fightcade protocol strings, and only library/helper reachability from already mapped STL/CRT/compiler support graph"
10008f00,FUN_10008f00,undefined FUN_10008f00(void),raw-c/10008f00_FUN_10008f00.c,docs/ggponet/native-runtime-mappings.md,native-runtime-mapped,"Native runtime mapping: anonymous helper audited in final pass; docs show no export name, no Fightcade protocol strings, and only library/helper reachability from already mapped STL/CRT/compiler support graph"
10008f80,FUN_10008f80,undefined FUN_10008f80(void),raw-c/10008f80_FUN_10008f80.c,docs/ggponet/native-runtime-mappings.md,native-runtime-mapped,"Native runtime mapping: anonymous helper audited in final pass; docs show no export name, no Fightcade protocol strings, and only library/helper reachability from already mapped STL/CRT/compiler support graph"
10008fc0,FUN_10008fc0,undefined FUN_10008fc0(void),raw-c/10008fc0_FUN_10008fc0.c,docs/ggponet/native-runtime-mappings.md,native-runtime-mapped,"Native runtime mapping: anonymous helper audited in final pass; docs show no export name, no Fightcade protocol strings, and only library/helper reachability from already mapped STL/CRT/compiler support graph"
10009040,FUN_10009040,undefined FUN_10009040(void),raw-c/10009040_FUN_10009040.c,docs/ggponet/native-runtime-mappings.md,native-runtime-mapped,"Native runtime mapping: anonymous helper audited in final pass; docs show no export name, no Fightcade protocol strings, and only library/helper reachability from already mapped STL/CRT/compiler support graph"
100090c0,FUN_100090c0,undefined FUN_100090c0(void),raw-c/100090c0_FUN_100090c0.c,docs/ggponet/native-runtime-mappings.md,native-runtime-mapped,"Native runtime mapping: anonymous helper audited in final pass; docs show no export name, no Fightcade protocol strings, and only library/helper reachability from already mapped STL/CRT/compiler support graph"
10009100,FUN_10009100,undefined FUN_10009100(void),raw-c/10009100_FUN_10009100.c,docs/ggponet/native-runtime-mappings.md,native-runtime-mapped,"Native runtime mapping: anonymous helper audited in final pass; docs show no export name, no Fightcade protocol strings, and only library/helper reachability from already mapped STL/CRT/compiler support graph"
10009140,FUN_10009140,undefined FUN_10009140(void),raw-c/10009140_FUN_10009140.c,docs/ggponet/native-runtime-mappings.md,native-runtime-mapped,Native runtime mapping: final audit helper row directly evidenced as MSVC STL/CRT/compiler/exception/zlib/no-op support in docs/ggponet; native libc++/libSystem/compiler runtime supplies equivalent behavior and no GGPO protocol logic is present
10009170,FUN_10009170,undefined FUN_10009170(void),raw-c/10009170_FUN_10009170.c,docs/ggponet/native-runtime-mappings.md,native-runtime-mapped,"Native runtime mapping: anonymous helper audited in final pass; docs show no export name, no Fightcade protocol strings, and only library/helper reachability from already mapped STL/CRT/compiler support graph"
100091f0,FUN_100091f0,undefined FUN_100091f0(void),raw-c/100091f0_FUN_100091f0.c,docs/ggponet/native-runtime-mappings.md,native-runtime-mapped,"Native runtime mapping: anonymous helper audited in final pass; docs show no export name, no Fightcade protocol strings, and only library/helper reachability from already mapped STL/CRT/compiler support graph"
10009270,FUN_10009270,undefined FUN_10009270(void),raw-c/10009270_FUN_10009270.c,docs/ggponet/native-runtime-mappings.md,native-runtime-mapped,"Native runtime mapping: anonymous helper audited in final pass; docs show no export name, no Fightcade protocol strings, and only library/helper reachability from already mapped STL/CRT/compiler support graph"
100092b0,FUN_100092b0,undefined FUN_100092b0(void),raw-c/100092b0_FUN_100092b0.c,docs/ggponet/native-runtime-mappings.md,native-runtime-mapped,Native runtime mapping: final audit helper row directly evidenced as MSVC STL/CRT/compiler/exception/zlib/no-op support in docs/ggponet; native libc++/libSystem/compiler runtime supplies equivalent behavior and no GGPO protocol logic is present
100092d0,FUN_100092d0,undefined FUN_100092d0(void),raw-c/100092d0_FUN_100092d0.c,docs/ggponet/native-runtime-mappings.md,native-runtime-mapped,Native runtime mapping: directly evidenced MSVC STL/CRT/compiler support helper supplied by libc++/libSystem/compiler runtime; no GGPO protocol logic
1000942c,Catch_All@1000942c,undefined Catch_All@1000942c(void),raw-c/1000942c_Catch_All@1000942c.c,docs/ggponet/native-runtime-mappings.md,native-runtime-mapped,Native runtime mapping: MSVC CRT/STL/compiler support helper supplied by libc++/libSystem/compiler runtime; no GGPO protocol logic
10009499,FUN_10009499,undefined FUN_10009499(void),raw-c/10009499_FUN_10009499.c,docs/ggponet/native-runtime-mappings.md,native-runtime-mapped,Native runtime mapping: directly evidenced MSVC STL/CRT/compiler support helper supplied by libc++/libSystem/compiler runtime; no GGPO protocol logic
10009589,Catch_All@10009589,undefined Catch_All@10009589(void),raw-c/10009589_Catch_All@10009589.c,docs/ggponet/native-runtime-mappings.md,native-runtime-mapped,Native runtime mapping: MSVC CRT/STL/compiler support helper supplied by libc++/libSystem/compiler runtime; no GGPO protocol logic
100095be,FUN_100095be,undefined FUN_100095be(void),raw-c/100095be_FUN_100095be.c,docs/ggponet/native-runtime-mappings.md,native-runtime-mapped,Native runtime mapping: directly evidenced MSVC STL/CRT/compiler support helper supplied by libc++/libSystem/compiler runtime; no GGPO protocol logic
10009680,FUN_10009680,undefined FUN_10009680(void),raw-c/10009680_FUN_10009680.c,docs/ggponet/native-runtime-mappings.md,native-runtime-mapped,Native runtime mapping: directly evidenced MSVC STL/CRT/compiler support helper supplied by libc++/libSystem/compiler runtime; no GGPO protocol logic
10009700,FUN_10009700,undefined FUN_10009700(void),raw-c/10009700_FUN_10009700.c,docs/ggponet/native-runtime-mappings.md,native-runtime-mapped,Native runtime mapping: final audit helper row directly evidenced as MSVC STL/CRT/compiler/exception/zlib/no-op support in docs/ggponet; native libc++/libSystem/compiler runtime supplies equivalent behavior and no GGPO protocol logic is present
10009730,FUN_10009730,undefined FUN_10009730(void),raw-c/10009730_FUN_10009730.c,docs/ggponet/native-runtime-mappings.md,native-runtime-mapped,Native runtime mapping: final audit helper row directly evidenced as MSVC STL/CRT/compiler/exception/zlib/no-op support in docs/ggponet; native libc++/libSystem/compiler runtime supplies equivalent behavior and no GGPO protocol logic is present
10009750,FUN_10009750,undefined FUN_10009750(void),raw-c/10009750_FUN_10009750.c,docs/ggponet/native-runtime-mappings.md,native-runtime-mapped,Native runtime mapping: directly evidenced MSVC STL/CRT/compiler support helper supplied by libc++/libSystem/compiler runtime; no GGPO protocol logic
100098ac,Catch_All@100098ac,undefined Catch_All@100098ac(void),raw-c/100098ac_Catch_All@100098ac.c,docs/ggponet/native-runtime-mappings.md,native-runtime-mapped,Native runtime mapping: MSVC CRT/STL/compiler support helper supplied by libc++/libSystem/compiler runtime; no GGPO protocol logic
1000991b,FUN_1000991b,undefined FUN_1000991b(void),raw-c/1000991b_FUN_1000991b.c,docs/ggponet/native-runtime-mappings.md,native-runtime-mapped,Native runtime mapping: directly evidenced MSVC STL/CRT/compiler support helper supplied by libc++/libSystem/compiler runtime; no GGPO protocol logic
10009a17,Catch_All@10009a17,undefined Catch_All@10009a17(void),raw-c/10009a17_Catch_All@10009a17.c,docs/ggponet/native-runtime-mappings.md,native-runtime-mapped,Native runtime mapping: MSVC CRT/STL/compiler support helper supplied by libc++/libSystem/compiler runtime; no GGPO protocol logic
10009a4c,FUN_10009a4c,undefined FUN_10009a4c(void),raw-c/10009a4c_FUN_10009a4c.c,docs/ggponet/native-runtime-mappings.md,native-runtime-mapped,Native runtime mapping: directly evidenced MSVC STL/CRT/compiler support helper supplied by libc++/libSystem/compiler runtime; no GGPO protocol logic
10009b20,_Vector_iterator<>,undefined _Vector_iterator<>(void),raw-c/10009b20__Vector_iterator_.c,docs/ggponet/native-runtime-mappings.md,native-runtime-mapped,Native runtime mapping: MSVC CRT/STL/compiler support helper supplied by libc++/libSystem/compiler runtime; no GGPO protocol logic
10009b40,FUN_10009b40,undefined FUN_10009b40(void),raw-c/10009b40_FUN_10009b40.c,docs/ggponet/native-runtime-mappings.md,native-runtime-mapped,"Native runtime mapping: anonymous helper audited in final pass; docs show no export name, no Fightcade protocol strings, and only library/helper reachability from already mapped STL/CRT/compiler support graph"
10009b80,FUN_10009b80,undefined FUN_10009b80(void),raw-c/10009b80_FUN_10009b80.c,docs/ggponet/native-runtime-mappings.md,native-runtime-mapped,"Native runtime mapping: anonymous helper audited in final pass; docs show no export name, no Fightcade protocol strings, and only library/helper reachability from already mapped STL/CRT/compiler support graph"
10009bd0,FUN_10009bd0,undefined FUN_10009bd0(void),raw-c/10009bd0_FUN_10009bd0.c,docs/ggponet/native-runtime-mappings.md,native-runtime-mapped,"Native runtime mapping: anonymous helper audited in final pass; docs show no export name, no Fightcade protocol strings, and only library/helper reachability from already mapped STL/CRT/compiler support graph"
10009c10,FUN_10009c10,undefined FUN_10009c10(void),raw-c/10009c10_FUN_10009c10.c,docs/ggponet/native-runtime-mappings.md,native-runtime-mapped,"Native runtime mapping: anonymous helper audited in final pass; docs show no export name, no Fightcade protocol strings, and only library/helper reachability from already mapped STL/CRT/compiler support graph"
10009c60,max_size,undefined max_size(void),raw-c/10009c60_max_size.c,docs/ggponet/native-runtime-mappings.md,native-runtime-mapped,Native runtime mapping: MSVC CRT/STL/compiler support helper supplied by libc++/libSystem/compiler runtime; no GGPO protocol logic
10009c90,FUN_10009c90,undefined FUN_10009c90(void),raw-c/10009c90_FUN_10009c90.c,docs/ggponet/native-runtime-mappings.md,native-runtime-mapped,"Native runtime mapping: anonymous helper audited in final pass; docs show no export name, no Fightcade protocol strings, and only library/helper reachability from already mapped STL/CRT/compiler support graph"
10009cb0,FUN_10009cb0,undefined FUN_10009cb0(void),raw-c/10009cb0_FUN_10009cb0.c,docs/ggponet/native-runtime-mappings.md,native-runtime-mapped,Native runtime mapping: final audit helper row directly evidenced as MSVC STL/CRT/compiler/exception/zlib/no-op support in docs/ggponet; native libc++/libSystem/compiler runtime supplies equivalent behavior and no GGPO protocol logic is present
10009d10,FUN_10009d10,undefined FUN_10009d10(void),raw-c/10009d10_FUN_10009d10.c,docs/ggponet/native-runtime-mappings.md,native-runtime-mapped,"Native runtime mapping: anonymous helper audited in final pass; docs show no export name, no Fightcade protocol strings, and only library/helper reachability from already mapped STL/CRT/compiler support graph"
10009d30,FUN_10009d30,undefined FUN_10009d30(void),raw-c/10009d30_FUN_10009d30.c,docs/ggponet/native-runtime-mappings.md,native-runtime-mapped,"Native runtime mapping: anonymous helper audited in final pass; docs show no export name, no Fightcade protocol strings, and only library/helper reachability from already mapped STL/CRT/compiler support graph"
10009db0,FUN_10009db0,undefined FUN_10009db0(void),raw-c/10009db0_FUN_10009db0.c,docs/ggponet/native-runtime-mappings.md,native-runtime-mapped,"Native runtime mapping: anonymous helper audited in final pass; docs show no export name, no Fightcade protocol strings, and only library/helper reachability from already mapped STL/CRT/compiler support graph"
10009e30,std::_Min_value<int>,"int * __cdecl _Min_value<int>(int * param_1, int * param_2)",raw-c/10009e30_std__Min_value_int_.c,docs/ggponet/native-runtime-mappings.md,native-runtime-mapped,Native runtime mapping: clearly named MSVC CRT/STL/compiler support helper supplied by libc++/libSystem/compiler runtime; no GGPO protocol logic
10009e60,FUN_10009e60,undefined FUN_10009e60(void),raw-c/10009e60_FUN_10009e60.c,docs/ggponet/native-runtime-mappings.md,native-runtime-mapped,Native runtime mapping: final audit helper row directly evidenced as MSVC STL/CRT/compiler/exception/zlib/no-op support in docs/ggponet; native libc++/libSystem/compiler runtime supplies equivalent behavior and no GGPO protocol logic is present
10009eb0,FUN_10009eb0,undefined FUN_10009eb0(void),raw-c/10009eb0_FUN_10009eb0.c,docs/ggponet/native-runtime-mappings.md,native-runtime-mapped,Native runtime mapping: final audit helper row directly evidenced as MSVC STL/CRT/compiler/exception/zlib/no-op support in docs/ggponet; native libc++/libSystem/compiler runtime supplies equivalent behavior and no GGPO protocol logic is present
10009f00,do_is,undefined do_is(void),raw-c/10009f00_do_is.c,docs/ggponet/native-runtime-mappings.md,native-runtime-mapped,Native runtime mapping: directly evidenced MSVC STL/CRT/compiler support helper supplied by libc++/libSystem/compiler runtime; no GGPO protocol logic
10009f30,FUN_10009f30,undefined FUN_10009f30(void),raw-c/10009f30_FUN_10009f30.c,docs/ggponet/native-runtime-mappings.md,native-runtime-mapped,"Native runtime mapping: anonymous helper audited in final pass; docs show no export name, no Fightcade protocol strings, and only library/helper reachability from already mapped STL/CRT/compiler support graph"
10009f60,FUN_10009f60,undefined FUN_10009f60(void),raw-c/10009f60_FUN_10009f60.c,docs/ggponet/native-runtime-mappings.md,native-runtime-mapped,Native runtime mapping: final audit helper row directly evidenced as MSVC STL/CRT/compiler/exception/zlib/no-op support in docs/ggponet; native libc++/libSystem/compiler runtime supplies equivalent behavior and no GGPO protocol logic is present
10009fd0,do_is,undefined do_is(void),raw-c/10009fd0_do_is.c,docs/ggponet/native-runtime-mappings.md,native-runtime-mapped,Native runtime mapping: directly evidenced MSVC STL/CRT/compiler support helper supplied by libc++/libSystem/compiler runtime; no GGPO protocol logic
1000a000,FUN_1000a000,undefined FUN_1000a000(void),raw-c/1000a000_FUN_1000a000.c,docs/ggponet/native-runtime-mappings.md,native-runtime-mapped,"Native runtime mapping: anonymous helper audited in final pass; docs show no export name, no Fightcade protocol strings, and only library/helper reachability from already mapped STL/CRT/compiler support graph"
1000a030,FUN_1000a030,undefined FUN_1000a030(void),raw-c/1000a030_FUN_1000a030.c,docs/ggponet/native-runtime-mappings.md,native-runtime-mapped,Native runtime mapping: final audit helper row directly evidenced as MSVC STL/CRT/compiler/exception/zlib/no-op support in docs/ggponet; native libc++/libSystem/compiler runtime supplies equivalent behavior and no GGPO protocol logic is present
1000a0a0,FUN_1000a0a0,undefined FUN_1000a0a0(void),raw-c/1000a0a0_FUN_1000a0a0.c,docs/ggponet/native-runtime-mappings.md,native-runtime-mapped,Native runtime mapping: directly evidenced MSVC STL/CRT/compiler support helper supplied by libc++/libSystem/compiler runtime; no GGPO protocol logic
1000a105,Catch_All@1000a105,undefined Catch_All@1000a105(void),raw-c/1000a105_Catch_All@1000a105.c,docs/ggponet/native-runtime-mappings.md,native-runtime-mapped,Native runtime mapping: MSVC CRT/STL/compiler support helper supplied by libc++/libSystem/compiler runtime; no GGPO protocol logic
1000a107,FUN_1000a107,undefined FUN_1000a107(void),raw-c/1000a107_FUN_1000a107.c,docs/ggponet/native-runtime-mappings.md,native-runtime-mapped,Native runtime mapping: directly evidenced MSVC STL/CRT/compiler support helper supplied by libc++/libSystem/compiler runtime; no GGPO protocol logic
1000a110,FUN_1000a110,undefined FUN_1000a110(void),raw-c/1000a110_FUN_1000a110.c,docs/ggponet/native-runtime-mappings.md,native-runtime-mapped,Native runtime mapping: directly evidenced MSVC STL/CRT/compiler support helper supplied by libc++/libSystem/compiler runtime; no GGPO protocol logic
1000a13c,FUN_1000a13c,undefined FUN_1000a13c(void),raw-c/1000a13c_FUN_1000a13c.c,docs/ggponet/native-runtime-mappings.md,native-runtime-mapped,Native runtime mapping: directly evidenced MSVC STL/CRT/compiler support helper supplied by libc++/libSystem/compiler runtime; no GGPO protocol logic
1000a160,FUN_1000a160,undefined FUN_1000a160(void),raw-c/1000a160_FUN_1000a160.c,docs/ggponet/native-runtime-mappings.md,native-runtime-mapped,Native runtime mapping: directly evidenced MSVC STL/CRT/compiler support helper supplied by libc++/libSystem/compiler runtime; no GGPO protocol logic
1000a1c5,Catch_All@1000a1c5,undefined Catch_All@1000a1c5(void),raw-c/1000a1c5_Catch_All@1000a1c5.c,docs/ggponet/native-runtime-mappings.md,native-runtime-mapped,Native runtime mapping: MSVC CRT/STL/compiler support helper supplied by libc++/libSystem/compiler runtime; no GGPO protocol logic
1000a1c7,FUN_1000a1c7,undefined FUN_1000a1c7(void),raw-c/1000a1c7_FUN_1000a1c7.c,docs/ggponet/native-runtime-mappings.md,native-runtime-mapped,Native runtime mapping: directly evidenced MSVC STL/CRT/compiler support helper supplied by libc++/libSystem/compiler runtime; no GGPO protocol logic
1000a1d0,FUN_1000a1d0,undefined FUN_1000a1d0(void),raw-c/1000a1d0_FUN_1000a1d0.c,docs/ggponet/native-runtime-mappings.md,native-runtime-mapped,Native runtime mapping: directly evidenced MSVC STL/CRT/compiler support helper supplied by libc++/libSystem/compiler runtime; no GGPO protocol logic
1000a1fc,FUN_1000a1fc,undefined FUN_1000a1fc(void),raw-c/1000a1fc_FUN_1000a1fc.c,docs/ggponet/native-runtime-mappings.md,native-runtime-mapped,Native runtime mapping: directly evidenced MSVC STL/CRT/compiler support helper supplied by libc++/libSystem/compiler runtime; no GGPO protocol logic
1000a220,FUN_1000a220,undefined FUN_1000a220(void),raw-c/1000a220_FUN_1000a220.c,docs/ggponet/native-runtime-mappings.md,native-runtime-mapped,Native runtime mapping: final audit helper row directly evidenced as MSVC STL/CRT/compiler/exception/zlib/no-op support in docs/ggponet; native libc++/libSystem/compiler runtime supplies equivalent behavior and no GGPO protocol logic is present
1000a270,FUN_1000a270,undefined FUN_1000a270(void),raw-c/1000a270_FUN_1000a270.c,docs/ggponet/native-runtime-mappings.md,native-runtime-mapped,"Native runtime mapping: anonymous helper audited in final pass; docs show no export name, no Fightcade protocol strings, and only library/helper reachability from already mapped STL/CRT/compiler support graph"
1000a2a0,FUN_1000a2a0,undefined FUN_1000a2a0(void),raw-c/1000a2a0_FUN_1000a2a0.c,docs/ggponet/native-runtime-mappings.md,native-runtime-mapped,Native runtime mapping: final audit helper row directly evidenced as MSVC STL/CRT/compiler/exception/zlib/no-op support in docs/ggponet; native libc++/libSystem/compiler runtime supplies equivalent behavior and no GGPO protocol logic is present
1000a2f0,FUN_1000a2f0,undefined FUN_1000a2f0(void),raw-c/1000a2f0_FUN_1000a2f0.c,docs/ggponet/native-runtime-mappings.md,native-runtime-mapped,Native runtime mapping: final audit helper row directly evidenced as MSVC STL/CRT/compiler/exception/zlib/no-op support in docs/ggponet; native libc++/libSystem/compiler runtime supplies equivalent behavior and no GGPO protocol logic is present
1000a340,FUN_1000a340,undefined FUN_1000a340(void),raw-c/1000a340_FUN_1000a340.c,docs/ggponet/native-runtime-mappings.md,native-runtime-mapped,"Native runtime mapping: anonymous helper audited in final pass; docs show no export name, no Fightcade protocol strings, and only library/helper reachability from already mapped STL/CRT/compiler support graph"
1000a380,FUN_1000a380,undefined FUN_1000a380(void),raw-c/1000a380_FUN_1000a380.c,docs/ggponet/native-runtime-mappings.md,native-runtime-mapped,Native runtime mapping: final audit helper row directly evidenced as MSVC STL/CRT/compiler/exception/zlib/no-op support in docs/ggponet; native libc++/libSystem/compiler runtime supplies equivalent behavior and no GGPO protocol logic is present
1000a3d0,FUN_1000a3d0,undefined FUN_1000a3d0(void),raw-c/1000a3d0_FUN_1000a3d0.c,docs/ggponet/native-runtime-mappings.md,native-runtime-mapped,"Native runtime mapping: anonymous helper audited in final pass; docs show no export name, no Fightcade protocol strings, and only library/helper reachability from already mapped STL/CRT/compiler support graph"
1000a3f0,FUN_1000a3f0,undefined FUN_1000a3f0(void),raw-c/1000a3f0_FUN_1000a3f0.c,docs/ggponet/native-runtime-mappings.md,native-runtime-mapped,"Native runtime mapping: anonymous helper audited in final pass; docs show no export name, no Fightcade protocol strings, and only library/helper reachability from already mapped STL/CRT/compiler support graph"
1000a410,FUN_1000a410,undefined FUN_1000a410(void),raw-c/1000a410_FUN_1000a410.c,docs/ggponet/native-runtime-mappings.md,native-runtime-mapped,"Native runtime mapping: anonymous helper audited in final pass; docs show no export name, no Fightcade protocol strings, and only library/helper reachability from already mapped STL/CRT/compiler support graph"
1000a470,FUN_1000a470,undefined FUN_1000a470(void),raw-c/1000a470_FUN_1000a470.c,docs/ggponet/native-runtime-mappings.md,native-runtime-mapped,"Native runtime mapping: anonymous helper audited in final pass; docs show no export name, no Fightcade protocol strings, and only library/helper reachability from already mapped STL/CRT/compiler support graph"
1000a490,FUN_1000a490,undefined FUN_1000a490(void),raw-c/1000a490_FUN_1000a490.c,docs/ggponet/native-runtime-mappings.md,native-runtime-mapped,"Native runtime mapping: anonymous helper audited in final pass; docs show no export name, no Fightcade protocol strings, and only library/helper reachability from already mapped STL/CRT/compiler support graph"
1000a4f0,FUN_1000a4f0,undefined FUN_1000a4f0(void),raw-c/1000a4f0_FUN_1000a4f0.c,docs/ggponet/native-runtime-mappings.md,native-runtime-mapped,"Native runtime mapping: anonymous helper audited in final pass; docs show no export name, no Fightcade protocol strings, and only library/helper reachability from already mapped STL/CRT/compiler support graph"
1000a540,FUN_1000a540,undefined FUN_1000a540(void),raw-c/1000a540_FUN_1000a540.c,docs/ggponet/native-runtime-mappings.md,native-runtime-mapped,Native runtime mapping: final audit helper row directly evidenced as MSVC STL/CRT/compiler/exception/zlib/no-op support in docs/ggponet; native libc++/libSystem/compiler runtime supplies equivalent behavior and no GGPO protocol logic is present
1000a5a0,FUN_1000a5a0,undefined FUN_1000a5a0(void),raw-c/1000a5a0_FUN_1000a5a0.c,docs/ggponet/native-runtime-mappings.md,native-runtime-mapped,"Native runtime mapping: anonymous helper audited in final pass; docs show no export name, no Fightcade protocol strings, and only library/helper reachability from already mapped STL/CRT/compiler support graph"
1000a5e0,FUN_1000a5e0,undefined FUN_1000a5e0(void),raw-c/1000a5e0_FUN_1000a5e0.c,docs/ggponet/native-runtime-mappings.md,native-runtime-mapped,Native runtime mapping: final audit helper row directly evidenced as MSVC STL/CRT/compiler/exception/zlib/no-op support in docs/ggponet; native libc++/libSystem/compiler runtime supplies equivalent behavior and no GGPO protocol logic is present
1000a640,FUN_1000a640,undefined FUN_1000a640(void),raw-c/1000a640_FUN_1000a640.c,docs/ggponet/native-runtime-mappings.md,native-runtime-mapped,"Native runtime mapping: anonymous helper audited in final pass; docs show no export name, no Fightcade protocol strings, and only library/helper reachability from already mapped STL/CRT/compiler support graph"
1000a680,FUN_1000a680,undefined FUN_1000a680(void),raw-c/1000a680_FUN_1000a680.c,docs/ggponet/native-runtime-mappings.md,native-runtime-mapped,Native runtime mapping: directly evidenced MSVC STL/CRT/compiler support helper supplied by libc++/libSystem/compiler runtime; no GGPO protocol logic
1000a6e7,Catch_All@1000a6e7,undefined Catch_All@1000a6e7(void),raw-c/1000a6e7_Catch_All@1000a6e7.c,docs/ggponet/native-runtime-mappings.md,native-runtime-mapped,Native runtime mapping: MSVC CRT/STL/compiler support helper supplied by libc++/libSystem/compiler runtime; no GGPO protocol logic
1000a6e9,FUN_1000a6e9,undefined FUN_1000a6e9(void),raw-c/1000a6e9_FUN_1000a6e9.c,docs/ggponet/native-runtime-mappings.md,native-runtime-mapped,Native runtime mapping: directly evidenced MSVC STL/CRT/compiler support helper supplied by libc++/libSystem/compiler runtime; no GGPO protocol logic
1000a6f2,FUN_1000a6f2,undefined FUN_1000a6f2(void),raw-c/1000a6f2_FUN_1000a6f2.c,docs/ggponet/native-runtime-mappings.md,native-runtime-mapped,Native runtime mapping: directly evidenced MSVC STL/CRT/compiler support helper supplied by libc++/libSystem/compiler runtime; no GGPO protocol logic
1000a71e,FUN_1000a71e,undefined FUN_1000a71e(void),raw-c/1000a71e_FUN_1000a71e.c,docs/ggponet/native-runtime-mappings.md,native-runtime-mapped,Native runtime mapping: directly evidenced MSVC STL/CRT/compiler support helper supplied by libc++/libSystem/compiler runtime; no GGPO protocol logic
1000a740,FUN_1000a740,undefined FUN_1000a740(void),raw-c/1000a740_FUN_1000a740.c,docs/ggponet/native-runtime-mappings.md,native-runtime-mapped,Native runtime mapping: directly evidenced MSVC STL/CRT/compiler support helper supplied by libc++/libSystem/compiler runtime; no GGPO protocol logic
1000a7a7,Catch_All@1000a7a7,undefined Catch_All@1000a7a7(void),raw-c/1000a7a7_Catch_All@1000a7a7.c,docs/ggponet/native-runtime-mappings.md,native-runtime-mapped,Native runtime mapping: MSVC CRT/STL/compiler support helper supplied by libc++/libSystem/compiler runtime; no GGPO protocol logic
1000a7a9,FUN_1000a7a9,undefined FUN_1000a7a9(void),raw-c/1000a7a9_FUN_1000a7a9.c,docs/ggponet/native-runtime-mappings.md,native-runtime-mapped,Native runtime mapping: directly evidenced MSVC STL/CRT/compiler support helper supplied by libc++/libSystem/compiler runtime; no GGPO protocol logic
1000a7b2,FUN_1000a7b2,undefined FUN_1000a7b2(void),raw-c/1000a7b2_FUN_1000a7b2.c,docs/ggponet/native-runtime-mappings.md,native-runtime-mapped,Native runtime mapping: directly evidenced MSVC STL/CRT/compiler support helper supplied by libc++/libSystem/compiler runtime; no GGPO protocol logic
1000a7de,FUN_1000a7de,undefined FUN_1000a7de(void),raw-c/1000a7de_FUN_1000a7de.c,docs/ggponet/native-runtime-mappings.md,native-runtime-mapped,Native runtime mapping: directly evidenced MSVC STL/CRT/compiler support helper supplied by libc++/libSystem/compiler runtime; no GGPO protocol logic
1000a800,FUN_1000a800,undefined FUN_1000a800(void),raw-c/1000a800_FUN_1000a800.c,docs/ggponet/native-runtime-mappings.md,native-runtime-mapped,Native runtime mapping: final audit helper row directly evidenced as MSVC STL/CRT/compiler/exception/zlib/no-op support in docs/ggponet; native libc++/libSystem/compiler runtime supplies equivalent behavior and no GGPO protocol logic is present
1000a820,FUN_1000a820,undefined FUN_1000a820(void),raw-c/1000a820_FUN_1000a820.c,docs/ggponet/native-runtime-mappings.md,native-runtime-mapped,Native runtime mapping: directly evidenced MSVC STL/CRT/compiler support helper supplied by libc++/libSystem/compiler runtime; no GGPO protocol logic
1000a840,FUN_1000a840,undefined FUN_1000a840(void),raw-c/1000a840_FUN_1000a840.c,docs/ggponet/native-runtime-mappings.md,native-runtime-mapped,"Native runtime mapping: anonymous helper audited in final pass; docs show no export name, no Fightcade protocol strings, and only library/helper reachability from already mapped STL/CRT/compiler support graph"
1000a890,FUN_1000a890,undefined FUN_1000a890(void),raw-c/1000a890_FUN_1000a890.c,docs/ggponet/native-runtime-mappings.md,native-runtime-mapped,"Native runtime mapping: anonymous helper audited in final pass; docs show no export name, no Fightcade protocol strings, and only library/helper reachability from already mapped STL/CRT/compiler support graph"
1000a8b0,FUN_1000a8b0,undefined FUN_1000a8b0(void),raw-c/1000a8b0_FUN_1000a8b0.c,docs/ggponet/native-runtime-mappings.md,native-runtime-mapped,"Native runtime mapping: anonymous helper audited in final pass; docs show no export name, no Fightcade protocol strings, and only library/helper reachability from already mapped STL/CRT/compiler support graph"
1000a8d0,FUN_1000a8d0,undefined FUN_1000a8d0(void),raw-c/1000a8d0_FUN_1000a8d0.c,docs/ggponet/native-runtime-mappings.md,native-runtime-mapped,"Native runtime mapping: anonymous helper audited in final pass; docs show no export name, no Fightcade protocol strings, and only library/helper reachability from already mapped STL/CRT/compiler support graph"
1000a8f0,FUN_1000a8f0,undefined FUN_1000a8f0(void),raw-c/1000a8f0_FUN_1000a8f0.c,docs/ggponet/native-runtime-mappings.md,native-runtime-mapped,"Native runtime mapping: anonymous helper audited in final pass; docs show no export name, no Fightcade protocol strings, and only library/helper reachability from already mapped STL/CRT/compiler support graph"
1000a910,std::function<void___cdecl(void)>::~function<void___cdecl(void)>,void __thiscall ~function<void___cdecl(void)>(function<void___cdecl(void)> * this),raw-c/1000a910_std_function_void___cdecl_void_function_void___cdecl_void_.c,docs/ggponet/native-runtime-mappings.md,native-runtime-mapped,Native runtime mapping: MSVC CRT/STL/compiler support helper supplied by libc++/libSystem/compiler runtime; no GGPO protocol logic
1000a930,FUN_1000a930,undefined FUN_1000a930(void),raw-c/1000a930_FUN_1000a930.c,docs/ggponet/native-runtime-mappings.md,native-runtime-mapped,"Native runtime mapping: anonymous helper audited in final pass; docs show no export name, no Fightcade protocol strings, and only library/helper reachability from already mapped STL/CRT/compiler support graph"
1000a960,FUN_1000a960,undefined FUN_1000a960(void),raw-c/1000a960_FUN_1000a960.c,docs/ggponet/native-runtime-mappings.md,native-runtime-mapped,"Native runtime mapping: anonymous helper audited in final pass; docs show no export name, no Fightcade protocol strings, and only library/helper reachability from already mapped STL/CRT/compiler support graph"
1000a990,FUN_1000a990,undefined FUN_1000a990(void),raw-c/1000a990_FUN_1000a990.c,docs/ggponet/native-runtime-mappings.md,native-runtime-mapped,"Native runtime mapping: anonymous helper audited in final pass; docs show no export name, no Fightcade protocol strings, and only library/helper reachability from already mapped STL/CRT/compiler support graph"
1000a9b0,FUN_1000a9b0,undefined FUN_1000a9b0(void),raw-c/1000a9b0_FUN_1000a9b0.c,docs/ggponet/native-runtime-mappings.md,native-runtime-mapped,Native runtime mapping: directly evidenced MSVC STL/CRT/compiler support helper supplied by libc++/libSystem/compiler runtime; no GGPO protocol logic
1000aa50,FUN_1000aa50,undefined FUN_1000aa50(void),raw-c/1000aa50_FUN_1000aa50.c,docs/ggponet/native-runtime-mappings.md,native-runtime-mapped,"Native runtime mapping: anonymous helper audited in final pass; docs show no export name, no Fightcade protocol strings, and only library/helper reachability from already mapped STL/CRT/compiler support graph"
1000ab30,FUN_1000ab30,undefined FUN_1000ab30(void),raw-c/1000ab30_FUN_1000ab30.c,docs/ggponet/native-runtime-mappings.md,native-runtime-mapped,Native runtime mapping: directly evidenced MSVC STL/CRT/compiler support helper supplied by libc++/libSystem/compiler runtime; no GGPO protocol logic
1000abf0,FUN_1000abf0,undefined FUN_1000abf0(void),raw-c/1000abf0_FUN_1000abf0.c,docs/ggponet/native-runtime-mappings.md,native-runtime-mapped,Native runtime mapping: directly evidenced MSVC STL/CRT/compiler support helper supplied by libc++/libSystem/compiler runtime; no GGPO protocol logic
1000ac90,FUN_1000ac90,undefined FUN_1000ac90(void),raw-c/1000ac90_FUN_1000ac90.c,docs/ggponet/native-runtime-mappings.md,native-runtime-mapped,"Native runtime mapping: anonymous helper audited in final pass; docs show no export name, no Fightcade protocol strings, and only library/helper reachability from already mapped STL/CRT/compiler support graph"
1000aeb0,allocator<>,undefined allocator<>(void),raw-c/1000aeb0_allocator_.c,Sources/FightcadeFBNeo/src/dep/ggponet-native/src/common_leafs.cpp,native_converted,Exact allocator constructor leaf: returns this
1000aec0,FUN_1000aec0,undefined FUN_1000aec0(void),raw-c/1000aec0_FUN_1000aec0.c,docs/ggponet/native-runtime-mappings.md,native-runtime-mapped,"Native runtime mapping: anonymous helper audited in final pass; docs show no export name, no Fightcade protocol strings, and only library/helper reachability from already mapped STL/CRT/compiler support graph"
1000aee0,FUN_1000aee0,undefined FUN_1000aee0(void),raw-c/1000aee0_FUN_1000aee0.c,docs/ggponet/native-runtime-mappings.md,native-runtime-mapped,"Native runtime mapping: anonymous helper audited in final pass; docs show no export name, no Fightcade protocol strings, and only library/helper reachability from already mapped STL/CRT/compiler support graph"
1000af00,FUN_1000af00,undefined FUN_1000af00(void),raw-c/1000af00_FUN_1000af00.c,docs/ggponet/native-runtime-mappings.md,native-runtime-mapped,"Native runtime mapping: anonymous helper audited in final pass; docs show no export name, no Fightcade protocol strings, and only library/helper reachability from already mapped STL/CRT/compiler support graph"
1000af20,FUN_1000af20,undefined FUN_1000af20(void),raw-c/1000af20_FUN_1000af20.c,docs/ggponet/native-runtime-mappings.md,native-runtime-mapped,Native runtime mapping: final audit helper row directly evidenced as MSVC STL/CRT/compiler/exception/zlib/no-op support in docs/ggponet; native libc++/libSystem/compiler runtime supplies equivalent behavior and no GGPO protocol logic is present
1000af40,FUN_1000af40,undefined FUN_1000af40(void),raw-c/1000af40_FUN_1000af40.c,docs/ggponet/native-runtime-mappings.md,native-runtime-mapped,"Native runtime mapping: anonymous helper audited in final pass; docs show no export name, no Fightcade protocol strings, and only library/helper reachability from already mapped STL/CRT/compiler support graph"
1000afe0,max_size,undefined max_size(void),raw-c/1000afe0_max_size.c,docs/ggponet/native-runtime-mappings.md,native-runtime-mapped,Native runtime mapping: MSVC CRT/STL/compiler support helper supplied by libc++/libSystem/compiler runtime; no GGPO protocol logic
1000b010,FUN_1000b010,undefined FUN_1000b010(void),raw-c/1000b010_FUN_1000b010.c,docs/ggponet/native-runtime-mappings.md,native-runtime-mapped,"Native runtime mapping: anonymous helper audited in final pass; docs show no export name, no Fightcade protocol strings, and only library/helper reachability from already mapped STL/CRT/compiler support graph"
1000b050,FUN_1000b050,undefined FUN_1000b050(void),raw-c/1000b050_FUN_1000b050.c,docs/ggponet/native-runtime-mappings.md,native-runtime-mapped,Native runtime mapping: final audit helper row directly evidenced as MSVC STL/CRT/compiler/exception/zlib/no-op support in docs/ggponet; native libc++/libSystem/compiler runtime supplies equivalent behavior and no GGPO protocol logic is present
1000b0b0,FUN_1000b0b0,undefined FUN_1000b0b0(void),raw-c/1000b0b0_FUN_1000b0b0.c,docs/ggponet/native-runtime-mappings.md,native-runtime-mapped,Native runtime mapping: directly evidenced MSVC STL/CRT/compiler support helper supplied by libc++/libSystem/compiler runtime; no GGPO protocol logic
1000b100,FUN_1000b100,undefined FUN_1000b100(void),raw-c/1000b100_FUN_1000b100.c,docs/ggponet/native-runtime-mappings.md,native-runtime-mapped,"Native runtime mapping: anonymous helper audited in final pass; docs show no export name, no Fightcade protocol strings, and only library/helper reachability from already mapped STL/CRT/compiler support graph"
1000b150,FUN_1000b150,undefined FUN_1000b150(void),raw-c/1000b150_FUN_1000b150.c,docs/ggponet/native-runtime-mappings.md,native-runtime-mapped,"Native runtime mapping: anonymous helper audited in final pass; docs show no export name, no Fightcade protocol strings, and only library/helper reachability from already mapped STL/CRT/compiler support graph"
1000b1a0,FUN_1000b1a0,undefined FUN_1000b1a0(void),raw-c/1000b1a0_FUN_1000b1a0.c,docs/ggponet/native-runtime-mappings.md,native-runtime-mapped,"Native runtime mapping: anonymous helper audited in final pass; docs show no export name, no Fightcade protocol strings, and only library/helper reachability from already mapped STL/CRT/compiler support graph"
1000b1f0,FUN_1000b1f0,undefined FUN_1000b1f0(void),raw-c/1000b1f0_FUN_1000b1f0.c,docs/ggponet/native-runtime-mappings.md,native-runtime-mapped,Native runtime mapping: directly evidenced MSVC STL/CRT/compiler support helper supplied by libc++/libSystem/compiler runtime; no GGPO protocol logic
1000b26c,Catch_All@1000b26c,undefined Catch_All@1000b26c(void),raw-c/1000b26c_Catch_All@1000b26c.c,docs/ggponet/native-runtime-mappings.md,native-runtime-mapped,Native runtime mapping: MSVC CRT/STL/compiler support helper supplied by libc++/libSystem/compiler runtime; no GGPO protocol logic
1000b26e,FUN_1000b26e,undefined FUN_1000b26e(void),raw-c/1000b26e_FUN_1000b26e.c,docs/ggponet/native-runtime-mappings.md,native-runtime-mapped,Native runtime mapping: final audit helper row directly evidenced as MSVC STL/CRT/compiler/exception/zlib/no-op support in docs/ggponet; native libc++/libSystem/compiler runtime supplies equivalent behavior and no GGPO protocol logic is present
1000b276,FUN_1000b276,undefined FUN_1000b276(void),raw-c/1000b276_FUN_1000b276.c,docs/ggponet/native-runtime-mappings.md,native-runtime-mapped,Native runtime mapping: final audit helper row directly evidenced as MSVC STL/CRT/compiler/exception/zlib/no-op support in docs/ggponet; native libc++/libSystem/compiler runtime supplies equivalent behavior and no GGPO protocol logic is present
1000b2c8,FUN_1000b2c8,undefined FUN_1000b2c8(void),raw-c/1000b2c8_FUN_1000b2c8.c,docs/ggponet/native-runtime-mappings.md,native-runtime-mapped,Native runtime mapping: directly evidenced MSVC STL/CRT/compiler support helper supplied by libc++/libSystem/compiler runtime; no GGPO protocol logic
1000b2f0,FUN_1000b2f0,undefined FUN_1000b2f0(void),raw-c/1000b2f0_FUN_1000b2f0.c,docs/ggponet/native-runtime-mappings.md,native-runtime-mapped,"Native runtime mapping: anonymous helper audited in final pass; docs show no export name, no Fightcade protocol strings, and only library/helper reachability from already mapped STL/CRT/compiler support graph"
1000b360,FUN_1000b360,undefined FUN_1000b360(void),raw-c/1000b360_FUN_1000b360.c,docs/ggponet/native-runtime-mappings.md,native-runtime-mapped,"Native runtime mapping: anonymous helper audited in final pass; docs show no export name, no Fightcade protocol strings, and only library/helper reachability from already mapped STL/CRT/compiler support graph"
1000b390,FUN_1000b390,undefined FUN_1000b390(void),raw-c/1000b390_FUN_1000b390.c,docs/ggponet/native-runtime-mappings.md; Sources/FightcadeFBNeo/src/dep/ggponet-native/src/client_backend_upload.cpp; Sources/FightcadeFBNeo/src/dep/ggponet-native/src/streaming_backend.cpp,native-runtime-mapped,Native runtime mapping: bundled zlib 1.1.4 compression/inflate support replaced by system zlib; no GGPO protocol logic
1000b3c0,FUN_1000b3c0,undefined FUN_1000b3c0(void),raw-c/1000b3c0_FUN_1000b3c0.c,docs/ggponet/native-runtime-mappings.md; Sources/FightcadeFBNeo/src/dep/ggponet-native/src/client_backend_upload.cpp; Sources/FightcadeFBNeo/src/dep/ggponet-native/src/streaming_backend.cpp,native-runtime-mapped,Native runtime mapping: bundled zlib 1.1.4 compression/inflate support replaced by system zlib; no GGPO protocol logic
1000b460,FUN_1000b460,undefined FUN_1000b460(void),raw-c/1000b460_FUN_1000b460.c,docs/ggponet/native-runtime-mappings.md; Sources/FightcadeFBNeo/src/dep/ggponet-native/src/client_backend_upload.cpp; Sources/FightcadeFBNeo/src/dep/ggponet-native/src/streaming_backend.cpp,native-runtime-mapped,Native runtime mapping: bundled zlib 1.1.4 compression/inflate support replaced by system zlib; no GGPO protocol logic
1000b4f0,FUN_1000b4f0,undefined FUN_1000b4f0(void),raw-c/1000b4f0_FUN_1000b4f0.c,docs/ggponet/native-runtime-mappings.md; Sources/FightcadeFBNeo/src/dep/ggponet-native/src/client_backend_upload.cpp; Sources/FightcadeFBNeo/src/dep/ggponet-native/src/streaming_backend.cpp,native-runtime-mapped,Native runtime mapping: bundled zlib 1.1.4 compression/inflate support replaced by system zlib; no GGPO protocol logic
1000b510,FUN_1000b510,undefined FUN_1000b510(void),raw-c/1000b510_FUN_1000b510.c,docs/ggponet/native-runtime-mappings.md; Sources/FightcadeFBNeo/src/dep/ggponet-native/src/client_backend_upload.cpp; Sources/FightcadeFBNeo/src/dep/ggponet-native/src/streaming_backend.cpp,native-runtime-mapped,Native runtime mapping: bundled zlib 1.1.4 compression/inflate support replaced by system zlib; no GGPO protocol logic
1000b710,FUN_1000b710,undefined FUN_1000b710(void),raw-c/1000b710_FUN_1000b710.c,docs/ggponet/native-runtime-mappings.md; Sources/FightcadeFBNeo/src/dep/ggponet-native/src/client_backend_upload.cpp; Sources/FightcadeFBNeo/src/dep/ggponet-native/src/streaming_backend.cpp,native-runtime-mapped,Native runtime mapping: bundled zlib 1.1.4 compression/inflate support replaced by system zlib; no GGPO protocol logic
1000b780,FUN_1000b780,undefined FUN_1000b780(void),raw-c/1000b780_FUN_1000b780.c,docs/ggponet/native-runtime-mappings.md; Sources/FightcadeFBNeo/src/dep/ggponet-native/src/client_backend_upload.cpp; Sources/FightcadeFBNeo/src/dep/ggponet-native/src/streaming_backend.cpp,native-runtime-mapped,Native runtime mapping: bundled zlib 1.1.4 compression/inflate support replaced by system zlib; no GGPO protocol logic
1000ba30,FUN_1000ba30,undefined FUN_1000ba30(void),raw-c/1000ba30_FUN_1000ba30.c,docs/ggponet/native-runtime-mappings.md; Sources/FightcadeFBNeo/src/dep/ggponet-native/src/client_backend_upload.cpp; Sources/FightcadeFBNeo/src/dep/ggponet-native/src/streaming_backend.cpp,native-runtime-mapped,Native runtime mapping: bundled zlib 1.1.4 compression/inflate support replaced by system zlib; no GGPO protocol logic
1000ba60,FUN_1000ba60,undefined FUN_1000ba60(void),raw-c/1000ba60_FUN_1000ba60.c,docs/ggponet/native-runtime-mappings.md; Sources/FightcadeFBNeo/src/dep/ggponet-native/src/client_backend_upload.cpp; Sources/FightcadeFBNeo/src/dep/ggponet-native/src/streaming_backend.cpp,native-runtime-mapped,Native runtime mapping: bundled zlib 1.1.4 compression/inflate support replaced by system zlib; no GGPO protocol logic
1000bad0,FUN_1000bad0,undefined FUN_1000bad0(void),raw-c/1000bad0_FUN_1000bad0.c,docs/ggponet/native-runtime-mappings.md; Sources/FightcadeFBNeo/src/dep/ggponet-native/src/client_backend_upload.cpp; Sources/FightcadeFBNeo/src/dep/ggponet-native/src/streaming_backend.cpp,native-runtime-mapped,Native runtime mapping: bundled zlib 1.1.4 compression/inflate support replaced by system zlib; no GGPO protocol logic
1000bb60,FUN_1000bb60,undefined FUN_1000bb60(void),raw-c/1000bb60_FUN_1000bb60.c,docs/ggponet/native-runtime-mappings.md; Sources/FightcadeFBNeo/src/dep/ggponet-native/src/client_backend_upload.cpp; Sources/FightcadeFBNeo/src/dep/ggponet-native/src/streaming_backend.cpp,native-runtime-mapped,Native runtime mapping: bundled zlib 1.1.4 compression/inflate support replaced by system zlib; no GGPO protocol logic
1000bc00,FUN_1000bc00,undefined FUN_1000bc00(void),raw-c/1000bc00_FUN_1000bc00.c,docs/ggponet/native-runtime-mappings.md; Sources/FightcadeFBNeo/src/dep/ggponet-native/src/client_backend_upload.cpp; Sources/FightcadeFBNeo/src/dep/ggponet-native/src/streaming_backend.cpp,native-runtime-mapped,Native runtime mapping: bundled zlib 1.1.4 compression/inflate support replaced by system zlib; no GGPO protocol logic
1000bd50,FUN_1000bd50,undefined FUN_1000bd50(void),raw-c/1000bd50_FUN_1000bd50.c,docs/ggponet/native-runtime-mappings.md; Sources/FightcadeFBNeo/src/dep/ggponet-native/src/client_backend_upload.cpp; Sources/FightcadeFBNeo/src/dep/ggponet-native/src/streaming_backend.cpp,native-runtime-mapped,Native runtime mapping: bundled zlib 1.1.4 compression/inflate support replaced by system zlib; no GGPO protocol logic
1000be70,FUN_1000be70,undefined FUN_1000be70(void),raw-c/1000be70_FUN_1000be70.c,docs/ggponet/native-runtime-mappings.md; Sources/FightcadeFBNeo/src/dep/ggponet-native/src/client_backend_upload.cpp; Sources/FightcadeFBNeo/src/dep/ggponet-native/src/streaming_backend.cpp,native-runtime-mapped,Native runtime mapping: bundled zlib 1.1.4 compression/inflate support replaced by system zlib; no GGPO protocol logic
1000c7b0,FUN_1000c7b0,undefined FUN_1000c7b0(void),raw-c/1000c7b0_FUN_1000c7b0.c,docs/ggponet/native-runtime-mappings.md; Sources/FightcadeFBNeo/src/dep/ggponet-native/src/client_backend_upload.cpp; Sources/FightcadeFBNeo/src/dep/ggponet-native/src/streaming_backend.cpp,native-runtime-mapped,Native runtime mapping: bundled zlib 1.1.4 compression/inflate support replaced by system zlib; no GGPO protocol logic
1000c7f0,FUN_1000c7f0,undefined FUN_1000c7f0(void),raw-c/1000c7f0_FUN_1000c7f0.c,docs/ggponet/native-runtime-mappings.md; Sources/FightcadeFBNeo/src/dep/ggponet-native/src/client_backend_upload.cpp; Sources/FightcadeFBNeo/src/dep/ggponet-native/src/streaming_backend.cpp,native-runtime-mapped,Native runtime mapping: bundled zlib 1.1.4 compression/inflate support replaced by system zlib; no GGPO protocol logic
1000c830,FUN_1000c830,undefined FUN_1000c830(void),raw-c/1000c830_FUN_1000c830.c,docs/ggponet/native-runtime-mappings.md; Sources/FightcadeFBNeo/src/dep/ggponet-native/src/client_backend_upload.cpp; Sources/FightcadeFBNeo/src/dep/ggponet-native/src/streaming_backend.cpp,native-runtime-mapped,Native runtime mapping: bundled zlib 1.1.4 compression/inflate support replaced by system zlib; no GGPO protocol logic
1000c950,FUN_1000c950,undefined FUN_1000c950(void),raw-c/1000c950_FUN_1000c950.c,docs/ggponet/native-runtime-mappings.md; Sources/FightcadeFBNeo/src/dep/ggponet-native/src/client_backend_upload.cpp; Sources/FightcadeFBNeo/src/dep/ggponet-native/src/streaming_backend.cpp,native-runtime-mapped,Native runtime mapping: bundled zlib 1.1.4 compression/inflate support replaced by system zlib; no GGPO protocol logic
1000c970,FUN_1000c970,undefined FUN_1000c970(void),raw-c/1000c970_FUN_1000c970.c,docs/ggponet/native-runtime-mappings.md; Sources/FightcadeFBNeo/src/dep/ggponet-native/src/client_backend_upload.cpp; Sources/FightcadeFBNeo/src/dep/ggponet-native/src/streaming_backend.cpp,native-runtime-mapped,Native runtime mapping: bundled zlib 1.1.4 compression/inflate support replaced by system zlib; no GGPO protocol logic
1000cda0,FUN_1000cda0,undefined FUN_1000cda0(void),raw-c/1000cda0_FUN_1000cda0.c,docs/ggponet/native-runtime-mappings.md; Sources/FightcadeFBNeo/src/dep/ggponet-native/src/client_backend_upload.cpp; Sources/FightcadeFBNeo/src/dep/ggponet-native/src/streaming_backend.cpp,native-runtime-mapped,Native runtime mapping: bundled zlib 1.1.4 compression/inflate support replaced by system zlib; no GGPO protocol logic
1000cdd0,FUN_1000cdd0,undefined FUN_1000cdd0(void),raw-c/1000cdd0_FUN_1000cdd0.c,docs/ggponet/native-runtime-mappings.md; Sources/FightcadeFBNeo/src/dep/ggponet-native/src/client_backend_upload.cpp; Sources/FightcadeFBNeo/src/dep/ggponet-native/src/streaming_backend.cpp,native-runtime-mapped,Native runtime mapping: bundled zlib 1.1.4 compression/inflate support replaced by system zlib; no GGPO protocol logic
1000cf00,FUN_1000cf00,undefined FUN_1000cf00(void),raw-c/1000cf00_FUN_1000cf00.c,docs/ggponet/native-runtime-mappings.md; Sources/FightcadeFBNeo/src/dep/ggponet-native/src/client_backend_upload.cpp; Sources/FightcadeFBNeo/src/dep/ggponet-native/src/streaming_backend.cpp,native-runtime-mapped,Native runtime mapping: bundled zlib 1.1.4 compression/inflate support replaced by system zlib; no GGPO protocol logic
1000cf70,FUN_1000cf70,undefined FUN_1000cf70(void),raw-c/1000cf70_FUN_1000cf70.c,docs/ggponet/native-runtime-mappings.md; Sources/FightcadeFBNeo/src/dep/ggponet-native/src/client_backend_upload.cpp; Sources/FightcadeFBNeo/src/dep/ggponet-native/src/streaming_backend.cpp,native-runtime-mapped,Native runtime mapping: bundled zlib 1.1.4 compression/inflate support replaced by system zlib; no GGPO protocol logic
1000cf80,FUN_1000cf80,undefined FUN_1000cf80(void),raw-c/1000cf80_FUN_1000cf80.c,docs/ggponet/native-runtime-mappings.md; Sources/FightcadeFBNeo/src/dep/ggponet-native/src/client_backend_upload.cpp; Sources/FightcadeFBNeo/src/dep/ggponet-native/src/streaming_backend.cpp,native-runtime-mapped,Native runtime mapping: bundled zlib 1.1.4 compression/inflate support replaced by system zlib; no GGPO protocol logic
1000cff0,FUN_1000cff0,undefined FUN_1000cff0(void),raw-c/1000cff0_FUN_1000cff0.c,docs/ggponet/native-runtime-mappings.md; Sources/FightcadeFBNeo/src/dep/ggponet-native/src/client_backend_upload.cpp; Sources/FightcadeFBNeo/src/dep/ggponet-native/src/streaming_backend.cpp,native-runtime-mapped,Native runtime mapping: bundled zlib 1.1.4 compression/inflate support replaced by system zlib; no GGPO protocol logic
1000d0a0,FUN_1000d0a0,undefined FUN_1000d0a0(void),raw-c/1000d0a0_FUN_1000d0a0.c,docs/ggponet/native-runtime-mappings.md; Sources/FightcadeFBNeo/src/dep/ggponet-native/src/client_backend_upload.cpp; Sources/FightcadeFBNeo/src/dep/ggponet-native/src/streaming_backend.cpp,native-runtime-mapped,Native runtime mapping: bundled zlib 1.1.4 compression/inflate support replaced by system zlib; no GGPO protocol logic
1000d2f0,FUN_1000d2f0,undefined FUN_1000d2f0(void),raw-c/1000d2f0_FUN_1000d2f0.c,docs/ggponet/native-runtime-mappings.md; Sources/FightcadeFBNeo/src/dep/ggponet-native/src/client_backend_upload.cpp; Sources/FightcadeFBNeo/src/dep/ggponet-native/src/streaming_backend.cpp,native-runtime-mapped,Native runtime mapping: bundled zlib 1.1.4 compression/inflate support replaced by system zlib; no GGPO protocol logic
1000d4e0,FUN_1000d4e0,undefined FUN_1000d4e0(void),raw-c/1000d4e0_FUN_1000d4e0.c,docs/ggponet/native-runtime-mappings.md; Sources/FightcadeFBNeo/src/dep/ggponet-native/src/client_backend_upload.cpp; Sources/FightcadeFBNeo/src/dep/ggponet-native/src/streaming_backend.cpp,native-runtime-mapped,Native runtime mapping: bundled zlib 1.1.4 compression/inflate support replaced by system zlib; no GGPO protocol logic
1000d710,FUN_1000d710,undefined FUN_1000d710(void),raw-c/1000d710_FUN_1000d710.c,docs/ggponet/native-runtime-mappings.md; Sources/FightcadeFBNeo/src/dep/ggponet-native/src/client_backend_upload.cpp; Sources/FightcadeFBNeo/src/dep/ggponet-native/src/streaming_backend.cpp,native-runtime-mapped,Native runtime mapping: bundled zlib 1.1.4 compression/inflate support replaced by system zlib; no GGPO protocol logic
1000d7f0,FUN_1000d7f0,undefined FUN_1000d7f0(void),raw-c/1000d7f0_FUN_1000d7f0.c,docs/ggponet/native-runtime-mappings.md; Sources/FightcadeFBNeo/src/dep/ggponet-native/src/client_backend_upload.cpp; Sources/FightcadeFBNeo/src/dep/ggponet-native/src/streaming_backend.cpp,native-runtime-mapped,Native runtime mapping: bundled zlib 1.1.4 compression/inflate support replaced by system zlib; no GGPO protocol logic
1000da10,FUN_1000da10,undefined FUN_1000da10(void),raw-c/1000da10_FUN_1000da10.c,docs/ggponet/native-runtime-mappings.md; Sources/FightcadeFBNeo/src/dep/ggponet-native/src/client_backend_upload.cpp; Sources/FightcadeFBNeo/src/dep/ggponet-native/src/streaming_backend.cpp,native-runtime-mapped,Native runtime mapping: bundled zlib 1.1.4 compression/inflate support replaced by system zlib; no GGPO protocol logic
1000da80,FUN_1000da80,undefined FUN_1000da80(void),raw-c/1000da80_FUN_1000da80.c,docs/ggponet/native-runtime-mappings.md; Sources/FightcadeFBNeo/src/dep/ggponet-native/src/client_backend_upload.cpp; Sources/FightcadeFBNeo/src/dep/ggponet-native/src/streaming_backend.cpp,native-runtime-mapped,Native runtime mapping: bundled zlib 1.1.4 compression/inflate support replaced by system zlib; no GGPO protocol logic
1000daf0,FUN_1000daf0,undefined FUN_1000daf0(void),raw-c/1000daf0_FUN_1000daf0.c,docs/ggponet/native-runtime-mappings.md; Sources/FightcadeFBNeo/src/dep/ggponet-native/src/client_backend_upload.cpp; Sources/FightcadeFBNeo/src/dep/ggponet-native/src/streaming_backend.cpp,native-runtime-mapped,Native runtime mapping: bundled zlib 1.1.4 compression/inflate support replaced by system zlib; no GGPO protocol logic
1000dbd0,FUN_1000dbd0,undefined FUN_1000dbd0(void),raw-c/1000dbd0_FUN_1000dbd0.c,docs/ggponet/native-runtime-mappings.md; Sources/FightcadeFBNeo/src/dep/ggponet-native/src/client_backend_upload.cpp; Sources/FightcadeFBNeo/src/dep/ggponet-native/src/streaming_backend.cpp,native-runtime-mapped,Native runtime mapping: bundled zlib 1.1.4 compression/inflate support replaced by system zlib; no GGPO protocol logic
1000de40,FUN_1000de40,undefined FUN_1000de40(void),raw-c/1000de40_FUN_1000de40.c,docs/ggponet/native-runtime-mappings.md; Sources/FightcadeFBNeo/src/dep/ggponet-native/src/client_backend_upload.cpp; Sources/FightcadeFBNeo/src/dep/ggponet-native/src/streaming_backend.cpp,native-runtime-mapped,Native runtime mapping: bundled zlib 1.1.4 compression/inflate support replaced by system zlib; no GGPO protocol logic
1000e3c0,FUN_1000e3c0,undefined FUN_1000e3c0(void),raw-c/1000e3c0_FUN_1000e3c0.c,docs/ggponet/native-runtime-mappings.md; Sources/FightcadeFBNeo/src/dep/ggponet-native/src/client_backend_upload.cpp; Sources/FightcadeFBNeo/src/dep/ggponet-native/src/streaming_backend.cpp,native-runtime-mapped,Native runtime mapping: bundled zlib 1.1.4 compression/inflate support replaced by system zlib; no GGPO protocol logic
1000e800,FUN_1000e800,undefined FUN_1000e800(void),raw-c/1000e800_FUN_1000e800.c,docs/ggponet/native-runtime-mappings.md; Sources/FightcadeFBNeo/src/dep/ggponet-native/src/client_backend_upload.cpp; Sources/FightcadeFBNeo/src/dep/ggponet-native/src/streaming_backend.cpp,native-runtime-mapped,Native runtime mapping: bundled zlib 1.1.4 compression/inflate support replaced by system zlib; no GGPO protocol logic
1000e870,FUN_1000e870,undefined FUN_1000e870(void),raw-c/1000e870_FUN_1000e870.c,docs/ggponet/native-runtime-mappings.md; Sources/FightcadeFBNeo/src/dep/ggponet-native/src/client_backend_upload.cpp; Sources/FightcadeFBNeo/src/dep/ggponet-native/src/streaming_backend.cpp,native-runtime-mapped,Native runtime mapping: bundled zlib 1.1.4 compression/inflate support replaced by system zlib; no GGPO protocol logic
1000e890,FUN_1000e890,undefined FUN_1000e890(void),raw-c/1000e890_FUN_1000e890.c,docs/ggponet/native-runtime-mappings.md; Sources/FightcadeFBNeo/src/dep/ggponet-native/src/client_backend_upload.cpp; Sources/FightcadeFBNeo/src/dep/ggponet-native/src/streaming_backend.cpp,native-runtime-mapped,Native runtime mapping: bundled zlib 1.1.4 compression/inflate support replaced by system zlib; no GGPO protocol logic
1000e920,FUN_1000e920,undefined FUN_1000e920(void),raw-c/1000e920_FUN_1000e920.c,docs/ggponet/native-runtime-mappings.md; Sources/FightcadeFBNeo/src/dep/ggponet-native/src/client_backend_upload.cpp; Sources/FightcadeFBNeo/src/dep/ggponet-native/src/streaming_backend.cpp,native-runtime-mapped,Native runtime mapping: bundled zlib 1.1.4 compression/inflate support replaced by system zlib; no GGPO protocol logic
1000e9a0,FUN_1000e9a0,undefined FUN_1000e9a0(void),raw-c/1000e9a0_FUN_1000e9a0.c,docs/ggponet/native-runtime-mappings.md; Sources/FightcadeFBNeo/src/dep/ggponet-native/src/client_backend_upload.cpp; Sources/FightcadeFBNeo/src/dep/ggponet-native/src/streaming_backend.cpp,native-runtime-mapped,Native runtime mapping: bundled zlib 1.1.4 compression/inflate support replaced by system zlib; no GGPO protocol logic
1000ea40,FUN_1000ea40,undefined FUN_1000ea40(void),raw-c/1000ea40_FUN_1000ea40.c,docs/ggponet/native-runtime-mappings.md; Sources/FightcadeFBNeo/src/dep/ggponet-native/src/client_backend_upload.cpp; Sources/FightcadeFBNeo/src/dep/ggponet-native/src/streaming_backend.cpp,native-runtime-mapped,Native runtime mapping: bundled zlib 1.1.4 compression/inflate support replaced by system zlib; no GGPO protocol logic
1000eab0,FUN_1000eab0,undefined FUN_1000eab0(void),raw-c/1000eab0_FUN_1000eab0.c,docs/ggponet/native-runtime-mappings.md; Sources/FightcadeFBNeo/src/dep/ggponet-native/src/client_backend_upload.cpp; Sources/FightcadeFBNeo/src/dep/ggponet-native/src/streaming_backend.cpp,native-runtime-mapped,Native runtime mapping: bundled zlib 1.1.4 compression/inflate support replaced by system zlib; no GGPO protocol logic
1000eb50,FUN_1000eb50,undefined FUN_1000eb50(void),raw-c/1000eb50_FUN_1000eb50.c,docs/ggponet/native-runtime-mappings.md; Sources/FightcadeFBNeo/src/dep/ggponet-native/src/client_backend_upload.cpp; Sources/FightcadeFBNeo/src/dep/ggponet-native/src/streaming_backend.cpp,native-runtime-mapped,Native runtime mapping: bundled zlib 1.1.4 compression/inflate support replaced by system zlib; no GGPO protocol logic
1000f810,FUN_1000f810,undefined FUN_1000f810(void),raw-c/1000f810_FUN_1000f810.c,docs/ggponet/native-runtime-mappings.md; Sources/FightcadeFBNeo/src/dep/ggponet-native/src/client_backend_upload.cpp; Sources/FightcadeFBNeo/src/dep/ggponet-native/src/streaming_backend.cpp,native-runtime-mapped,Native runtime mapping: bundled zlib 1.1.4 compression/inflate support replaced by system zlib; no GGPO protocol logic
1000f840,FUN_1000f840,undefined FUN_1000f840(void),raw-c/1000f840_FUN_1000f840.c,docs/ggponet/native-runtime-mappings.md; Sources/FightcadeFBNeo/src/dep/ggponet-native/src/client_backend_upload.cpp; Sources/FightcadeFBNeo/src/dep/ggponet-native/src/streaming_backend.cpp,native-runtime-mapped,Native runtime mapping: bundled zlib 1.1.4 compression/inflate support replaced by system zlib; no GGPO protocol logic
1000f880,FUN_1000f880,undefined FUN_1000f880(void),raw-c/1000f880_FUN_1000f880.c,docs/ggponet/native-runtime-mappings.md; Sources/FightcadeFBNeo/src/dep/ggponet-native/src/client_backend_upload.cpp; Sources/FightcadeFBNeo/src/dep/ggponet-native/src/streaming_backend.cpp,native-runtime-mapped,Native runtime mapping: bundled zlib 1.1.4 compression/inflate support replaced by system zlib; no GGPO protocol logic
10010030,FUN_10010030,undefined FUN_10010030(void),raw-c/10010030_FUN_10010030.c,docs/ggponet/native-runtime-mappings.md; Sources/FightcadeFBNeo/src/dep/ggponet-native/src/client_backend_upload.cpp; Sources/FightcadeFBNeo/src/dep/ggponet-native/src/streaming_backend.cpp,native-runtime-mapped,Native runtime mapping: bundled zlib 1.1.4 compression/inflate support replaced by system zlib; no GGPO protocol logic
10010040,FUN_10010040,undefined FUN_10010040(void),raw-c/10010040_FUN_10010040.c,docs/ggponet/native-runtime-mappings.md; Sources/FightcadeFBNeo/src/dep/ggponet-native/src/client_backend_upload.cpp; Sources/FightcadeFBNeo/src/dep/ggponet-native/src/streaming_backend.cpp,native-runtime-mapped,Native runtime mapping: bundled zlib 1.1.4 compression/inflate support replaced by system zlib; no GGPO protocol logic
100100f0,FUN_100100f0,undefined FUN_100100f0(void),raw-c/100100f0_FUN_100100f0.c,docs/ggponet/native-runtime-mappings.md; Sources/FightcadeFBNeo/src/dep/ggponet-native/src/client_backend_upload.cpp; Sources/FightcadeFBNeo/src/dep/ggponet-native/src/streaming_backend.cpp,native-runtime-mapped,Native runtime mapping: bundled zlib 1.1.4 compression/inflate support replaced by system zlib; no GGPO protocol logic
100105a0,FUN_100105a0,undefined FUN_100105a0(void),raw-c/100105a0_FUN_100105a0.c,docs/ggponet/native-runtime-mappings.md; Sources/FightcadeFBNeo/src/dep/ggponet-native/src/client_backend_upload.cpp; Sources/FightcadeFBNeo/src/dep/ggponet-native/src/streaming_backend.cpp,native-runtime-mapped,Native runtime mapping: bundled zlib 1.1.4 compression/inflate support replaced by system zlib; no GGPO protocol logic
10010700,FUN_10010700,undefined FUN_10010700(void),raw-c/10010700_FUN_10010700.c,docs/ggponet/native-runtime-mappings.md; Sources/FightcadeFBNeo/src/dep/ggponet-native/src/client_backend_upload.cpp; Sources/FightcadeFBNeo/src/dep/ggponet-native/src/streaming_backend.cpp,native-runtime-mapped,Native runtime mapping: bundled zlib 1.1.4 compression/inflate support replaced by system zlib; no GGPO protocol logic
10010730,FUN_10010730,undefined FUN_10010730(void),raw-c/10010730_FUN_10010730.c,docs/ggponet/native-runtime-mappings.md; Sources/FightcadeFBNeo/src/dep/ggponet-native/src/client_backend_upload.cpp; Sources/FightcadeFBNeo/src/dep/ggponet-native/src/streaming_backend.cpp,native-runtime-mapped,Native runtime mapping: bundled zlib 1.1.4 compression/inflate support replaced by system zlib; no GGPO protocol logic
10010880,FUN_10010880,undefined FUN_10010880(void),raw-c/10010880_FUN_10010880.c,docs/ggponet/native-runtime-mappings.md; Sources/FightcadeFBNeo/src/dep/ggponet-native/src/client_backend_upload.cpp; Sources/FightcadeFBNeo/src/dep/ggponet-native/src/streaming_backend.cpp,native-runtime-mapped,Native runtime mapping: bundled zlib 1.1.4 compression/inflate support replaced by system zlib; no GGPO protocol logic
10010c50,FUN_10010c50,undefined FUN_10010c50(void),raw-c/10010c50_FUN_10010c50.c,docs/ggponet/native-runtime-mappings.md; Sources/FightcadeFBNeo/src/dep/ggponet-native/src/client_backend_upload.cpp; Sources/FightcadeFBNeo/src/dep/ggponet-native/src/streaming_backend.cpp,native-runtime-mapped,Native runtime mapping: bundled zlib 1.1.4 compression/inflate support replaced by system zlib; no GGPO protocol logic
10010c88,FUN_10010c88,undefined FUN_10010c88(void),raw-c/10010c88_FUN_10010c88.c,docs/ggponet/native-runtime-mappings.md; Sources/FightcadeFBNeo/src/dep/ggponet-native/src/client_backend_upload.cpp; Sources/FightcadeFBNeo/src/dep/ggponet-native/src/streaming_backend.cpp,native-runtime-mapped,Native runtime mapping: bundled zlib 1.1.4 compression/inflate support replaced by system zlib; no GGPO protocol logic
10010cc0,FUN_10010cc0,undefined FUN_10010cc0(void),raw-c/10010cc0_FUN_10010cc0.c,docs/ggponet/native-runtime-mappings.md,native-runtime-mapped,"Native runtime mapping: anonymous helper audited in final pass; docs show no export name, no Fightcade protocol strings, and only library/helper reachability from already mapped STL/CRT/compiler support graph"
10010ccb,__security_check_cookie,undefined __fastcall __security_check_cookie(void),raw-c/10010ccb___security_check_cookie.c,docs/ggponet/native-runtime-mappings.md,native-runtime-mapped,Native runtime mapping: MSVC CRT/STL/compiler support helper supplied by libc++/libSystem/compiler runtime; no GGPO protocol logic
10010ce0,_memcpy,"void * __cdecl _memcpy(void * _Dst, void * _Src, size_t _Size)",raw-c/10010ce0__memcpy.c,docs/ggponet/native-runtime-mappings.md,native-runtime-mapped,Native runtime mapping: clearly named MSVC CRT/STL/compiler support helper supplied by libc++/libSystem/compiler runtime; no GGPO protocol logic
10011045,_memmove_s,"errno_t __cdecl _memmove_s(void * _Dst, rsize_t _DstSize, void * _Src, rsize_t _MaxCount)",raw-c/10011045__memmove_s.c,docs/ggponet/native-runtime-mappings.md,native-runtime-mapped,Native runtime mapping: clearly named MSVC CRT/STL/compiler support helper supplied by libc++/libSystem/compiler runtime; no GGPO protocol logic
100110a2,_sprintf,"int __cdecl _sprintf(char * _Dest, char * _Format, ...)",raw-c/100110a2__sprintf.c,docs/ggponet/native-runtime-mappings.md,native-runtime-mapped,Native runtime mapping: clearly named MSVC CRT/STL/compiler support helper supplied by libc++/libSystem/compiler runtime; no GGPO protocol logic
1001111f,FUN_1001111f,undefined FUN_1001111f(void),raw-c/1001111f_FUN_1001111f.c,docs/ggponet/native-runtime-mappings.md,native-runtime-mapped,Native runtime mapping: final audit helper row directly evidenced as MSVC STL/CRT/compiler/exception/zlib/no-op support in docs/ggponet; native libc++/libSystem/compiler runtime supplies equivalent behavior and no GGPO protocol logic is present
10011130,std::exception::exception,"undefined __thiscall exception(exception * this, char * * param_1)",raw-c/10011130_std_exception_exception.c,docs/ggponet/native-runtime-mappings.md,native-runtime-mapped,Native runtime mapping: clearly named MSVC CRT/STL/compiler support helper supplied by libc++/libSystem/compiler runtime; no GGPO protocol logic
10011183,std::exception::exception,"undefined __thiscall exception(exception * this, char * * param_1, int param_2)",raw-c/10011183_std_exception_exception.c,docs/ggponet/native-runtime-mappings.md,native-runtime-mapped,Native runtime mapping: clearly named MSVC CRT/STL/compiler support helper supplied by libc++/libSystem/compiler runtime; no GGPO protocol logic
100111a0,std::exception::exception,"undefined __thiscall exception(exception * this, exception * param_1)",raw-c/100111a0_std_exception_exception.c,docs/ggponet/native-runtime-mappings.md,native-runtime-mapped,Native runtime mapping: clearly named MSVC CRT/STL/compiler support helper supplied by libc++/libSystem/compiler runtime; no GGPO protocol logic
100111fd,exception::~exception,void __thiscall ~exception(exception * this),raw-c/100111fd_exception_exception.c,docs/ggponet/native-runtime-mappings.md,native-runtime-mapped,Native runtime mapping: clearly named MSVC CRT/STL/compiler support helper supplied by libc++/libSystem/compiler runtime; no GGPO protocol logic
10011213,FUN_10011213,undefined FUN_10011213(void),raw-c/10011213_FUN_10011213.c,docs/ggponet/native-runtime-mappings.md,native-runtime-mapped,Native runtime mapping: final audit helper row directly evidenced as MSVC STL/CRT/compiler/exception/zlib/no-op support in docs/ggponet; native libc++/libSystem/compiler runtime supplies equivalent behavior and no GGPO protocol logic is present
10011220,FUN_10011220,undefined FUN_10011220(void),raw-c/10011220_FUN_10011220.c,docs/ggponet/native-runtime-mappings.md,native-runtime-mapped,"Native runtime mapping: scalar deleting destructor for STL/CRT/support object; documented body only calls destructor and operator delete on flag bit, with no GGPO protocol logic"
10011241,_free,void __cdecl _free(void * _Memory),raw-c/10011241__free.c,docs/ggponet/native-runtime-mappings.md,native-runtime-mapped,Native runtime mapping: MSVC CRT/STL/compiler support helper supplied by libc++/libSystem/compiler runtime; no GGPO protocol logic
10011297,FUN_10011297,undefined FUN_10011297(void),raw-c/10011297_FUN_10011297.c,docs/ggponet/native-runtime-mappings.md,native-runtime-mapped,Native runtime mapping: final audit helper row directly evidenced as MSVC STL/CRT/compiler/exception/zlib/no-op support in docs/ggponet; native libc++/libSystem/compiler runtime supplies equivalent behavior and no GGPO protocol logic is present
100112cf,_V6_HeapAlloc,undefined _V6_HeapAlloc(void),raw-c/100112cf__V6_HeapAlloc.c,docs/ggponet/native-runtime-mappings.md,native-runtime-mapped,Native runtime mapping: MSVC CRT/STL/compiler support helper supplied by libc++/libSystem/compiler runtime; no GGPO protocol logic
10011315,FUN_10011315,undefined FUN_10011315(void),raw-c/10011315_FUN_10011315.c,docs/ggponet/native-runtime-mappings.md,native-runtime-mapped,Native runtime mapping: directly evidenced MSVC STL/CRT/compiler support helper supplied by libc++/libSystem/compiler runtime; no GGPO protocol logic
1001131e,_malloc,void * __cdecl _malloc(size_t _Size),raw-c/1001131e__malloc.c,docs/ggponet/native-runtime-mappings.md,native-runtime-mapped,Native runtime mapping: MSVC CRT/STL/compiler support helper supplied by libc++/libSystem/compiler runtime; no GGPO protocol logic
100113f0,_strlen,size_t __cdecl _strlen(char * _Str),raw-c/100113f0__strlen.c,docs/ggponet/native-runtime-mappings.md,native-runtime-mapped,Native runtime mapping: MSVC CRT/STL/compiler support helper supplied by libc++/libSystem/compiler runtime; no GGPO protocol logic
10011480,FUN_10011480,undefined FUN_10011480(void),raw-c/10011480_FUN_10011480.c,Sources/FightcadeFBNeo/src/dep/ggponet-native/src/common_leafs.cpp,native_converted,Exact CRT strcpy implementation
10011490,FUN_10011490,undefined FUN_10011490(void),raw-c/10011490_FUN_10011490.c,docs/ggponet/native-runtime-mappings.md,native-runtime-mapped,"Native runtime mapping: anonymous helper audited in final pass; docs show no export name, no Fightcade protocol strings, and only library/helper reachability from already mapped STL/CRT/compiler support graph"
10011578,FUN_10011578,undefined FUN_10011578(void),raw-c/10011578_FUN_10011578.c,docs/ggponet/native-runtime-mappings.md,native-runtime-mapped,Native runtime mapping: trivial no-op/getter/setter/return helper with no GGPO protocol behavior; covered by native compiler/runtime code generation
10011587,__invoke_watson,"noreturn void __cdecl __invoke_watson(wchar_t * param_1, wchar_t * param_2, wchar_t * param_3, uint param_4, uintptr_t param_5)",raw-c/10011587___invoke_watson.c,docs/ggponet/native-runtime-mappings.md,native-runtime-mapped,Native runtime mapping: clearly named MSVC CRT/STL/compiler support helper supplied by libc++/libSystem/compiler runtime; no GGPO protocol logic
100116af,__invalid_parameter,undefined __invalid_parameter(void),raw-c/100116af___invalid_parameter.c,docs/ggponet/native-runtime-mappings.md,native-runtime-mapped,Native runtime mapping: MSVC CRT/STL/compiler support helper supplied by libc++/libSystem/compiler runtime; no GGPO protocol logic
100116d5,FUN_100116d5,undefined FUN_100116d5(void),raw-c/100116d5_FUN_100116d5.c,docs/ggponet/native-runtime-mappings.md,native-runtime-mapped,Native runtime mapping: directly evidenced MSVC STL/CRT/compiler support helper supplied by libc++/libSystem/compiler runtime; no GGPO protocol logic
100116f0,_memset,"void * __cdecl _memset(void * _Dst, int _Val, size_t _Size)",raw-c/100116f0__memset.c,docs/ggponet/native-runtime-mappings.md,native-runtime-mapped,Native runtime mapping: clearly named MSVC CRT/STL/compiler support helper supplied by libc++/libSystem/compiler runtime; no GGPO protocol logic
10011770,_strcmp,"int __cdecl _strcmp(char * _Str1, char * _Str2)",raw-c/10011770__strcmp.c,docs/ggponet/native-runtime-mappings.md,native-runtime-mapped,Native runtime mapping: clearly named MSVC CRT/STL/compiler support helper supplied by libc++/libSystem/compiler runtime; no GGPO protocol logic
100117f8,FUN_100117f8,undefined FUN_100117f8(void),raw-c/100117f8_FUN_100117f8.c,docs/ggponet/native-runtime-mappings.md,native-runtime-mapped,Native runtime mapping: directly evidenced MSVC STL/CRT/compiler support helper supplied by libc++/libSystem/compiler runtime; no GGPO protocol logic
10011803,_memcpy_s,"errno_t __cdecl _memcpy_s(void * _Dst, rsize_t _DstSize, void * _Src, rsize_t _MaxCount)",raw-c/10011803__memcpy_s.c,docs/ggponet/native-runtime-mappings.md,native-runtime-mapped,Native runtime mapping: clearly named MSVC CRT/STL/compiler support helper supplied by libc++/libSystem/compiler runtime; no GGPO protocol logic
10011880,type_info::~type_info,void __thiscall ~type_info(type_info * this),raw-c/10011880_type_info_type_info.c,docs/ggponet/native-runtime-mappings.md,native-runtime-mapped,Native runtime mapping: directly evidenced MSVC STL/CRT/compiler support helper supplied by libc++/libSystem/compiler runtime; no GGPO protocol logic
10011890,type_info::`scalar_deleting_destructor',"void * __thiscall `scalar_deleting_destructor'(type_info * this, uint param_1)",raw-c/10011890_type_info_scalar_deleting_destructor_.c,docs/ggponet/native-runtime-mappings.md,native-runtime-mapped,Native runtime mapping: directly evidenced MSVC STL/CRT/compiler support helper supplied by libc++/libSystem/compiler runtime; no GGPO protocol logic
100118b1,type_info::operator==,"bool __thiscall operator==(type_info * this, type_info * param_1)",raw-c/100118b1_type_info_operator_.c,docs/ggponet/native-runtime-mappings.md,native-runtime-mapped,Native runtime mapping: directly evidenced MSVC STL/CRT/compiler support helper supplied by libc++/libSystem/compiler runtime; no GGPO protocol logic
100118d1,std::bad_alloc::bad_alloc,undefined __thiscall bad_alloc(bad_alloc * this),raw-c/100118d1_std_bad_alloc_bad_alloc.c,docs/ggponet/native-runtime-mappings.md,native-runtime-mapped,Native runtime mapping: MSVC CRT/STL/compiler support helper supplied by libc++/libSystem/compiler runtime; no GGPO protocol logic
100118ec,FUN_100118ec,undefined FUN_100118ec(void),raw-c/100118ec_FUN_100118ec.c,docs/ggponet/native-runtime-mappings.md,native-runtime-mapped,Native runtime mapping: directly evidenced MSVC STL/CRT/compiler support helper supplied by libc++/libSystem/compiler runtime; no GGPO protocol logic
10011951,__purecall,undefined __purecall(void),raw-c/10011951___purecall.c,docs/ggponet/native-runtime-mappings.md,native-runtime-mapped,Native runtime mapping: MSVC CRT/STL/compiler support helper supplied by libc++/libSystem/compiler runtime; no GGPO protocol logic
10011990,_strchr,"char * __cdecl _strchr(char * _Str, int _Val)",raw-c/10011990__strchr.c,docs/ggponet/native-runtime-mappings.md,native-runtime-mapped,Native runtime mapping: clearly named MSVC CRT/STL/compiler support helper supplied by libc++/libSystem/compiler runtime; no GGPO protocol logic
10011a4e,_atol,long __cdecl _atol(char * _Str),raw-c/10011a4e__atol.c,docs/ggponet/native-runtime-mappings.md,native-runtime-mapped,Native runtime mapping: MSVC CRT/STL/compiler support helper supplied by libc++/libSystem/compiler runtime; no GGPO protocol logic
10011a64,FUN_10011a64,undefined FUN_10011a64(void),raw-c/10011a64_FUN_10011a64.c,Sources/FightcadeFBNeo/src/dep/ggponet-native/src/common_leafs.cpp,native_converted,Exact CRT atol tail-call wrapper
10011a6f,__fsopen,"FILE * __cdecl __fsopen(char * _Filename, char * _Mode, int _ShFlag)",raw-c/10011a6f___fsopen.c,docs/ggponet/native-runtime-mappings.md,native-runtime-mapped,Native runtime mapping: clearly named MSVC CRT/STL/compiler support helper supplied by libc++/libSystem/compiler runtime; no GGPO protocol logic
10011b29,FUN_10011b29,undefined FUN_10011b29(void),raw-c/10011b29_FUN_10011b29.c,docs/ggponet/native-runtime-mappings.md,native-runtime-mapped,Native runtime mapping: directly evidenced MSVC STL/CRT/compiler support helper supplied by libc++/libSystem/compiler runtime; no GGPO protocol logic
10011b33,_fopen,"FILE * __cdecl _fopen(char * _Filename, char * _Mode)",raw-c/10011b33__fopen.c,docs/ggponet/native-runtime-mappings.md,native-runtime-mapped,Native runtime mapping: clearly named MSVC CRT/STL/compiler support helper supplied by libc++/libSystem/compiler runtime; no GGPO protocol logic
10011b4a,__fread_nolock_s,"size_t __cdecl __fread_nolock_s(void * _DstBuf, size_t _DstSize, size_t _ElementSize, size_t _Count, FILE * _File)",raw-c/10011b4a___fread_nolock_s.c,docs/ggponet/native-runtime-mappings.md,native-runtime-mapped,Native runtime mapping: clearly named MSVC CRT/STL/compiler support helper supplied by libc++/libSystem/compiler runtime; no GGPO protocol logic
10011d54,_fread_s,"size_t __cdecl _fread_s(void * _DstBuf, size_t _DstSize, size_t _ElementSize, size_t _Count, FILE * _File)",raw-c/10011d54__fread_s.c,docs/ggponet/native-runtime-mappings.md,native-runtime-mapped,Native runtime mapping: clearly named MSVC CRT/STL/compiler support helper supplied by libc++/libSystem/compiler runtime; no GGPO protocol logic
10011de0,FUN_10011de0,undefined FUN_10011de0(void),raw-c/10011de0_FUN_10011de0.c,docs/ggponet/native-runtime-mappings.md,native-runtime-mapped,Native runtime mapping: directly evidenced MSVC STL/CRT/compiler support helper supplied by libc++/libSystem/compiler runtime; no GGPO protocol logic
10011dea,_fread,"size_t __cdecl _fread(void * _DstBuf, size_t _ElementSize, size_t _Count, FILE * _File)",raw-c/10011dea__fread.c,docs/ggponet/native-runtime-mappings.md,native-runtime-mapped,Native runtime mapping: clearly named MSVC CRT/STL/compiler support helper supplied by libc++/libSystem/compiler runtime; no GGPO protocol logic
10011e07,__fclose_nolock,int __cdecl __fclose_nolock(FILE * _File),raw-c/10011e07___fclose_nolock.c,docs/ggponet/native-runtime-mappings.md,native-runtime-mapped,Native runtime mapping: MSVC CRT/STL/compiler support helper supplied by libc++/libSystem/compiler runtime; no GGPO protocol logic
10011e7e,_fclose,int __cdecl _fclose(FILE * _File),raw-c/10011e7e__fclose.c,docs/ggponet/native-runtime-mappings.md,native-runtime-mapped,Native runtime mapping: MSVC CRT/STL/compiler support helper supplied by libc++/libSystem/compiler runtime; no GGPO protocol logic
10011ef2,FUN_10011ef2,undefined FUN_10011ef2(void),raw-c/10011ef2_FUN_10011ef2.c,docs/ggponet/native-runtime-mappings.md,native-runtime-mapped,Native runtime mapping: directly evidenced MSVC STL/CRT/compiler support helper supplied by libc++/libSystem/compiler runtime; no GGPO protocol logic
10011efa,__vsprintf_l,"int __cdecl __vsprintf_l(char * _DstBuf, char * _Format, _locale_t param_3, va_list _ArgList)",raw-c/10011efa___vsprintf_l.c,docs/ggponet/native-runtime-mappings.md,native-runtime-mapped,Native runtime mapping: clearly named MSVC CRT/STL/compiler support helper supplied by libc++/libSystem/compiler runtime; no GGPO protocol logic
10011f78,_vsprintf,"int __cdecl _vsprintf(char * _Dest, char * _Format, va_list _Args)",raw-c/10011f78__vsprintf.c,docs/ggponet/native-runtime-mappings.md,native-runtime-mapped,Native runtime mapping: clearly named MSVC CRT/STL/compiler support helper supplied by libc++/libSystem/compiler runtime; no GGPO protocol logic
10011f92,_printf,"int __cdecl _printf(char * _Format, ...)",raw-c/10011f92__printf.c,docs/ggponet/native-runtime-mappings.md,native-runtime-mapped,Native runtime mapping: clearly named MSVC CRT/STL/compiler support helper supplied by libc++/libSystem/compiler runtime; no GGPO protocol logic
1001202e,FUN_1001202e,undefined FUN_1001202e(void),raw-c/1001202e_FUN_1001202e.c,docs/ggponet/native-runtime-mappings.md,native-runtime-mapped,Native runtime mapping: directly evidenced MSVC STL/CRT/compiler support helper supplied by libc++/libSystem/compiler runtime; no GGPO protocol logic
10012041,__get_printf_count_output,int __cdecl __get_printf_count_output(void),raw-c/10012041___get_printf_count_output.c,docs/ggponet/native-runtime-mappings.md,native-runtime-mapped,Native runtime mapping: MSVC CRT/STL/compiler support helper supplied by libc++/libSystem/compiler runtime; no GGPO protocol logic
10012057,_fprintf,"int __cdecl _fprintf(FILE * _File, char * _Format, ...)",raw-c/10012057__fprintf.c,docs/ggponet/native-runtime-mappings.md,native-runtime-mapped,Native runtime mapping: clearly named MSVC CRT/STL/compiler support helper supplied by libc++/libSystem/compiler runtime; no GGPO protocol logic
10012169,FUN_10012169,undefined FUN_10012169(void),raw-c/10012169_FUN_10012169.c,docs/ggponet/native-runtime-mappings.md,native-runtime-mapped,Native runtime mapping: directly evidenced MSVC STL/CRT/compiler support helper supplied by libc++/libSystem/compiler runtime; no GGPO protocol logic
10012173,vfprintf_helper,undefined __cdecl vfprintf_helper(void),raw-c/10012173_vfprintf_helper.c,docs/ggponet/native-runtime-mappings.md,native-runtime-mapped,Native runtime mapping: directly evidenced MSVC STL/CRT/compiler support helper supplied by libc++/libSystem/compiler runtime; no GGPO protocol logic
10012284,FUN_10012284,undefined FUN_10012284(void),raw-c/10012284_FUN_10012284.c,docs/ggponet/native-runtime-mappings.md,native-runtime-mapped,Native runtime mapping: directly evidenced MSVC STL/CRT/compiler support helper supplied by libc++/libSystem/compiler runtime; no GGPO protocol logic
1001228e,FID_conflict:_vfprintf,"int __cdecl FID_conflict:_vfprintf(FILE * _File, char * _Format, va_list _ArgList)",raw-c/1001228e_FID_conflict__vfprintf.c,docs/ggponet/native-runtime-mappings.md,native-runtime-mapped,Native runtime mapping: clearly named MSVC CRT/STL/compiler support helper supplied by libc++/libSystem/compiler runtime; no GGPO protocol logic
100122ad,_puts,int __cdecl _puts(char * _Str),raw-c/100122ad__puts.c,docs/ggponet/native-runtime-mappings.md,native-runtime-mapped,Native runtime mapping: MSVC CRT/STL/compiler support helper supplied by libc++/libSystem/compiler runtime; no GGPO protocol logic
100123f9,FUN_100123f9,undefined FUN_100123f9(void),raw-c/100123f9_FUN_100123f9.c,docs/ggponet/native-runtime-mappings.md,native-runtime-mapped,Native runtime mapping: directly evidenced MSVC STL/CRT/compiler support helper supplied by libc++/libSystem/compiler runtime; no GGPO protocol logic
1001240c,__crt_waiting_on_module_handle,undefined __crt_waiting_on_module_handle(void),raw-c/1001240c___crt_waiting_on_module_handle.c,docs/ggponet/native-runtime-mappings.md,native-runtime-mapped,Native runtime mapping: MSVC CRT/STL/compiler support helper supplied by libc++/libSystem/compiler runtime; no GGPO protocol logic
1001243c,__amsg_exit,void __cdecl __amsg_exit(int param_1),raw-c/1001243c___amsg_exit.c,docs/ggponet/native-runtime-mappings.md,native-runtime-mapped,Native runtime mapping: MSVC CRT/STL/compiler support helper supplied by libc++/libSystem/compiler runtime; no GGPO protocol logic
10012465,___crtCorExitProcess,void __cdecl ___crtCorExitProcess(int param_1),raw-c/10012465____crtCorExitProcess.c,docs/ggponet/native-runtime-mappings.md,native-runtime-mapped,Native runtime mapping: MSVC CRT/STL/compiler support helper supplied by libc++/libSystem/compiler runtime; no GGPO protocol logic
10012490,___crtExitProcess,void __cdecl ___crtExitProcess(int param_1),raw-c/10012490____crtExitProcess.c,docs/ggponet/native-runtime-mappings.md,native-runtime-mapped,Native runtime mapping: MSVC CRT/STL/compiler support helper supplied by libc++/libSystem/compiler runtime; no GGPO protocol logic
100124a8,FUN_100124a8,undefined FUN_100124a8(void),raw-c/100124a8_FUN_100124a8.c,docs/ggponet/native-runtime-mappings.md,native-runtime-mapped,Native runtime mapping: directly evidenced MSVC STL/CRT/compiler support helper supplied by libc++/libSystem/compiler runtime; no GGPO protocol logic
100124b1,FUN_100124b1,undefined FUN_100124b1(void),raw-c/100124b1_FUN_100124b1.c,docs/ggponet/native-runtime-mappings.md,native-runtime-mapped,Native runtime mapping: final audit helper row directly evidenced as MSVC STL/CRT/compiler/exception/zlib/no-op support in docs/ggponet; native libc++/libSystem/compiler runtime supplies equivalent behavior and no GGPO protocol logic is present
100124ba,__initterm,undefined __initterm(void),raw-c/100124ba___initterm.c,docs/ggponet/native-runtime-mappings.md,native-runtime-mapped,Native runtime mapping: MSVC CRT/STL/compiler support helper supplied by libc++/libSystem/compiler runtime; no GGPO protocol logic
100124d7,__initterm_e,undefined __initterm_e(void),raw-c/100124d7___initterm_e.c,docs/ggponet/native-runtime-mappings.md,native-runtime-mapped,Native runtime mapping: MSVC CRT/STL/compiler support helper supplied by libc++/libSystem/compiler runtime; no GGPO protocol logic
100124fb,__cinit,int __cdecl __cinit(int param_1),raw-c/100124fb___cinit.c,docs/ggponet/native-runtime-mappings.md,native-runtime-mapped,Native runtime mapping: MSVC CRT/STL/compiler support helper supplied by libc++/libSystem/compiler runtime; no GGPO protocol logic
10012580,doexit,undefined __cdecl doexit(void),raw-c/10012580_doexit.c,docs/ggponet/native-runtime-mappings.md,native-runtime-mapped,Native runtime mapping: clearly named MSVC CRT/STL/compiler support helper supplied by libc++/libSystem/compiler runtime; no GGPO protocol logic
10012697,FUN_10012697,undefined FUN_10012697(void),raw-c/10012697_FUN_10012697.c,docs/ggponet/native-runtime-mappings.md,native-runtime-mapped,Native runtime mapping: final audit helper row directly evidenced as MSVC STL/CRT/compiler/exception/zlib/no-op support in docs/ggponet; native libc++/libSystem/compiler runtime supplies equivalent behavior and no GGPO protocol logic is present
100126ac,_exit,noreturn void __cdecl _exit(int _Code),raw-c/100126ac__exit.c,docs/ggponet/native-runtime-mappings.md,native-runtime-mapped,Native runtime mapping: MSVC CRT/STL/compiler support helper supplied by libc++/libSystem/compiler runtime; no GGPO protocol logic
100126c2,__exit,undefined __exit(void),raw-c/100126c2___exit.c,docs/ggponet/native-runtime-mappings.md,native-runtime-mapped,Native runtime mapping: MSVC CRT/STL/compiler support helper supplied by libc++/libSystem/compiler runtime; no GGPO protocol logic
100126d8,__cexit,void __cdecl __cexit(void),raw-c/100126d8___cexit.c,docs/ggponet/native-runtime-mappings.md,native-runtime-mapped,Native runtime mapping: MSVC CRT/STL/compiler support helper supplied by libc++/libSystem/compiler runtime; no GGPO protocol logic
100126e7,__init_pointers,void __cdecl __init_pointers(void),raw-c/100126e7___init_pointers.c,docs/ggponet/native-runtime-mappings.md,native-runtime-mapped,Native runtime mapping: MSVC CRT/STL/compiler support helper supplied by libc++/libSystem/compiler runtime; no GGPO protocol logic
10012740,_memmove,"void * __cdecl _memmove(void * _Dst, void * _Src, size_t _Size)",raw-c/10012740__memmove.c,docs/ggponet/native-runtime-mappings.md,native-runtime-mapped,Native runtime mapping: clearly named MSVC CRT/STL/compiler support helper supplied by libc++/libSystem/compiler runtime; no GGPO protocol logic
10012aa5,FUN_10012aa5,undefined FUN_10012aa5(void),raw-c/10012aa5_FUN_10012aa5.c,docs/ggponet/native-runtime-mappings.md,native-runtime-mapped,"Native runtime mapping: anonymous helper audited in final pass; docs show no export name, no Fightcade protocol strings, and only library/helper reachability from already mapped STL/CRT/compiler support graph"
10012ab0,_realloc,"void * __cdecl _realloc(void * _Memory, size_t _NewSize)",raw-c/10012ab0__realloc.c,docs/ggponet/native-runtime-mappings.md,native-runtime-mapped,Native runtime mapping: clearly named MSVC CRT/STL/compiler support helper supplied by libc++/libSystem/compiler runtime; no GGPO protocol logic
10012bf4,FUN_10012bf4,undefined FUN_10012bf4(void),raw-c/10012bf4_FUN_10012bf4.c,docs/ggponet/native-runtime-mappings.md,native-runtime-mapped,Native runtime mapping: final audit helper row directly evidenced as MSVC STL/CRT/compiler/exception/zlib/no-op support in docs/ggponet; native libc++/libSystem/compiler runtime supplies equivalent behavior and no GGPO protocol logic is present
10012ccb,__getenv_helper_nolock,char * __cdecl __getenv_helper_nolock(char * param_1),raw-c/10012ccb___getenv_helper_nolock.c,docs/ggponet/native-runtime-mappings.md,native-runtime-mapped,Native runtime mapping: MSVC CRT/STL/compiler support helper supplied by libc++/libSystem/compiler runtime; no GGPO protocol logic
10012d52,_getenv,char * __cdecl _getenv(char * _VarName),raw-c/10012d52__getenv.c,docs/ggponet/native-runtime-mappings.md,native-runtime-mapped,Native runtime mapping: MSVC CRT/STL/compiler support helper supplied by libc++/libSystem/compiler runtime; no GGPO protocol logic
10012dcc,FUN_10012dcc,undefined FUN_10012dcc(void),raw-c/10012dcc_FUN_10012dcc.c,docs/ggponet/native-runtime-mappings.md,native-runtime-mapped,Native runtime mapping: final audit helper row directly evidenced as MSVC STL/CRT/compiler/exception/zlib/no-op support in docs/ggponet; native libc++/libSystem/compiler runtime supplies equivalent behavior and no GGPO protocol logic is present
10012dd5,_memcmp,"int __cdecl _memcmp(void * _Buf1, void * _Buf2, size_t _Size)",raw-c/10012dd5__memcmp.c,docs/ggponet/native-runtime-mappings.md,native-runtime-mapped,Native runtime mapping: clearly named MSVC CRT/STL/compiler support helper supplied by libc++/libSystem/compiler runtime; no GGPO protocol logic
10014455,FUN_10014455,undefined FUN_10014455(void),raw-c/10014455_FUN_10014455.c,docs/ggponet/native-runtime-mappings.md,native-runtime-mapped,Native runtime mapping: directly evidenced MSVC STL/CRT/compiler support helper supplied by libc++/libSystem/compiler runtime; no GGPO protocol logic
10014467,_rand,int __cdecl _rand(void),raw-c/10014467__rand.c,docs/ggponet/native-runtime-mappings.md,native-runtime-mapped,Native runtime mapping: MSVC CRT/STL/compiler support helper supplied by libc++/libSystem/compiler runtime; no GGPO protocol logic
10014489,__flush,int __cdecl __flush(FILE * _File),raw-c/10014489___flush.c,docs/ggponet/native-runtime-mappings.md,native-runtime-mapped,Native runtime mapping: MSVC CRT/STL/compiler support helper supplied by libc++/libSystem/compiler runtime; no GGPO protocol logic
100144f1,__fflush_nolock,int __cdecl __fflush_nolock(FILE * _File),raw-c/100144f1___fflush_nolock.c,docs/ggponet/native-runtime-mappings.md,native-runtime-mapped,Native runtime mapping: MSVC CRT/STL/compiler support helper supplied by libc++/libSystem/compiler runtime; no GGPO protocol logic
10014539,flsall,undefined __cdecl flsall(void),raw-c/10014539_flsall.c,docs/ggponet/native-runtime-mappings.md,native-runtime-mapped,Native runtime mapping: directly evidenced MSVC STL/CRT/compiler support helper supplied by libc++/libSystem/compiler runtime; no GGPO protocol logic
100145db,FUN_100145db,undefined FUN_100145db(void),raw-c/100145db_FUN_100145db.c,docs/ggponet/native-runtime-mappings.md,native-runtime-mapped,Native runtime mapping: directly evidenced MSVC STL/CRT/compiler support helper supplied by libc++/libSystem/compiler runtime; no GGPO protocol logic
1001460a,FUN_1001460a,undefined FUN_1001460a(void),raw-c/1001460a_FUN_1001460a.c,docs/ggponet/native-runtime-mappings.md,native-runtime-mapped,Native runtime mapping: final audit helper row directly evidenced as MSVC STL/CRT/compiler/exception/zlib/no-op support in docs/ggponet; native libc++/libSystem/compiler runtime supplies equivalent behavior and no GGPO protocol logic is present
10014613,_fflush,int __cdecl _fflush(FILE * _File),raw-c/10014613__fflush.c,docs/ggponet/native-runtime-mappings.md,native-runtime-mapped,Native runtime mapping: MSVC CRT/STL/compiler support helper supplied by libc++/libSystem/compiler runtime; no GGPO protocol logic
1001465c,FUN_1001465c,undefined FUN_1001465c(void),raw-c/1001465c_FUN_1001465c.c,docs/ggponet/native-runtime-mappings.md,native-runtime-mapped,Native runtime mapping: directly evidenced MSVC STL/CRT/compiler support helper supplied by libc++/libSystem/compiler runtime; no GGPO protocol logic
1001466f,__CRT_INIT@12,undefined __CRT_INIT@12(void),raw-c/1001466f___CRT_INIT@12.c,docs/ggponet/native-runtime-mappings.md,native-runtime-mapped,Native runtime mapping: MSVC CRT/STL/compiler support helper supplied by libc++/libSystem/compiler runtime; no GGPO protocol logic
100147a4,___DllMainCRTStartup,undefined ___DllMainCRTStartup(void),raw-c/100147a4____DllMainCRTStartup.c,docs/ggponet/native-runtime-mappings.md,native-runtime-mapped,Native runtime mapping: MSVC CRT/STL/compiler support helper supplied by libc++/libSystem/compiler runtime; no GGPO protocol logic
1001489a,entry,undefined entry(void),raw-c/1001489a_entry.c,docs/ggponet/native-runtime-mappings.md,native-runtime-mapped,Native runtime mapping: directly evidenced MSVC STL/CRT/compiler support helper supplied by libc++/libSystem/compiler runtime; no GGPO protocol logic
100148bd,_calloc,"void * __cdecl _calloc(size_t _Count, size_t _Size)",raw-c/100148bd__calloc.c,docs/ggponet/native-runtime-mappings.md,native-runtime-mapped,Native runtime mapping: clearly named MSVC CRT/STL/compiler support helper supplied by libc++/libSystem/compiler runtime; no GGPO protocol logic
100148fd,__CxxThrowException@8,noreturn undefined __CxxThrowException@8(void),raw-c/100148fd___CxxThrowException@8.c,docs/ggponet/native-runtime-mappings.md,native-runtime-mapped,Native runtime mapping: MSVC CRT/STL/compiler support helper supplied by libc++/libSystem/compiler runtime; no GGPO protocol logic
10014949,_JumpToContinuation,"void __stdcall _JumpToContinuation(void * param_1, EHRegistrationNode * param_2)",raw-c/10014949__JumpToContinuation.c,docs/ggponet/native-runtime-mappings.md,native-runtime-mapped,Native runtime mapping: clearly named MSVC CRT/STL/compiler support helper supplied by libc++/libSystem/compiler runtime; no GGPO protocol logic
1001497b,FID_conflict:_CallMemberFunction1,undefined FID_conflict:_CallMemberFunction1(void),raw-c/1001497b_FID_conflict__CallMemberFunction1.c,docs/ggponet/native-runtime-mappings.md,native-runtime-mapped,Native runtime mapping: MSVC CRT/STL/compiler support helper supplied by libc++/libSystem/compiler runtime; no GGPO protocol logic
10014982,_UnwindNestedFrames,"void __stdcall _UnwindNestedFrames(EHRegistrationNode * param_1, EHExceptionRecord * param_2)",raw-c/10014982__UnwindNestedFrames.c,docs/ggponet/native-runtime-mappings.md,native-runtime-mapped,Native runtime mapping: clearly named MSVC CRT/STL/compiler support helper supplied by libc++/libSystem/compiler runtime; no GGPO protocol logic
100149d6,FID_conflict:___CxxFrameHandler3,undefined FID_conflict:___CxxFrameHandler3(void),raw-c/100149d6_FID_conflict____CxxFrameHandler3.c,docs/ggponet/native-runtime-mappings.md,native-runtime-mapped,Native runtime mapping: MSVC CRT/STL/compiler support helper supplied by libc++/libSystem/compiler runtime; no GGPO protocol logic
10014a0c,CatchGuardHandler,"_EXCEPTION_DISPOSITION __cdecl CatchGuardHandler(EHExceptionRecord * param_1, CatchGuardRN * param_2, void * param_3, void * param_4)",raw-c/10014a0c_CatchGuardHandler.c,docs/ggponet/native-runtime-mappings.md,native-runtime-mapped,Native runtime mapping: clearly named MSVC CRT/STL/compiler support helper supplied by libc++/libSystem/compiler runtime; no GGPO protocol logic
10014a3f,_CallSETranslator,"int __cdecl _CallSETranslator(EHExceptionRecord * param_1, EHRegistrationNode * param_2, void * param_3, void * param_4, _s_FuncInfo * param_5, int param_6, EHRegistrationNode * param_7)",raw-c/10014a3f__CallSETranslator.c,docs/ggponet/native-runtime-mappings.md,native-runtime-mapped,Native runtime mapping: clearly named MSVC CRT/STL/compiler support helper supplied by libc++/libSystem/compiler runtime; no GGPO protocol logic
10014b16,TranslatorGuardHandler,"_EXCEPTION_DISPOSITION __cdecl TranslatorGuardHandler(EHExceptionRecord * param_1, TranslatorGuardRN * param_2, void * param_3, void * param_4)",raw-c/10014b16_TranslatorGuardHandler.c,docs/ggponet/native-runtime-mappings.md,native-runtime-mapped,Native runtime mapping: clearly named MSVC CRT/STL/compiler support helper supplied by libc++/libSystem/compiler runtime; no GGPO protocol logic
10014bb5,_GetRangeOfTrysToCheck,"_s_TryBlockMapEntry * __cdecl _GetRangeOfTrysToCheck(_s_FuncInfo * param_1, int param_2, int param_3, uint * param_4, uint * param_5)",raw-c/10014bb5__GetRangeOfTrysToCheck.c,docs/ggponet/native-runtime-mappings.md,native-runtime-mapped,Native runtime mapping: clearly named MSVC CRT/STL/compiler support helper supplied by libc++/libSystem/compiler runtime; no GGPO protocol logic
10014c2a,__CreateFrameInfo,undefined __CreateFrameInfo(void),raw-c/10014c2a___CreateFrameInfo.c,docs/ggponet/native-runtime-mappings.md,native-runtime-mapped,Native runtime mapping: MSVC CRT/STL/compiler support helper supplied by libc++/libSystem/compiler runtime; no GGPO protocol logic
10014c56,__IsExceptionObjectToBeDestroyed,undefined __IsExceptionObjectToBeDestroyed(void),raw-c/10014c56___IsExceptionObjectToBeDestroyed.c,docs/ggponet/native-runtime-mappings.md,native-runtime-mapped,Native runtime mapping: MSVC CRT/STL/compiler support helper supplied by libc++/libSystem/compiler runtime; no GGPO protocol logic
10014c7d,__FindAndUnlinkFrame,undefined __FindAndUnlinkFrame(void),raw-c/10014c7d___FindAndUnlinkFrame.c,docs/ggponet/native-runtime-mappings.md,native-runtime-mapped,Native runtime mapping: MSVC CRT/STL/compiler support helper supplied by libc++/libSystem/compiler runtime; no GGPO protocol logic
10014ccf,_CallCatchBlock2,"void * __cdecl _CallCatchBlock2(EHRegistrationNode * param_1, _s_FuncInfo * param_2, void * param_3, int param_4, ulong param_5)",raw-c/10014ccf__CallCatchBlock2.c,docs/ggponet/native-runtime-mappings.md,native-runtime-mapped,Native runtime mapping: clearly named MSVC CRT/STL/compiler support helper supplied by libc++/libSystem/compiler runtime; no GGPO protocol logic
10014d2f,__EH_prolog3,undefined __EH_prolog3(void),raw-c/10014d2f___EH_prolog3.c,docs/ggponet/native-runtime-mappings.md,native-runtime-mapped,Native runtime mapping: MSVC CRT/STL/compiler support helper supplied by libc++/libSystem/compiler runtime; no GGPO protocol logic
10014d62,__EH_prolog3_catch,undefined __EH_prolog3_catch(void),raw-c/10014d62___EH_prolog3_catch.c,docs/ggponet/native-runtime-mappings.md,native-runtime-mapped,Native runtime mapping: MSVC CRT/STL/compiler support helper supplied by libc++/libSystem/compiler runtime; no GGPO protocol logic
10014d98,___report_gsfailure,noreturn void __cdecl ___report_gsfailure(void),raw-c/10014d98____report_gsfailure.c,docs/ggponet/native-runtime-mappings.md,native-runtime-mapped,Native runtime mapping: MSVC CRT/STL/compiler support helper supplied by libc++/libSystem/compiler runtime; no GGPO protocol logic
10014e9e,FUN_10014e9e,undefined FUN_10014e9e(void),raw-c/10014e9e_FUN_10014e9e.c,docs/ggponet/native-runtime-mappings.md,native-runtime-mapped,Native runtime mapping: final audit helper row directly evidenced as MSVC STL/CRT/compiler/exception/zlib/no-op support in docs/ggponet; native libc++/libSystem/compiler runtime supplies equivalent behavior and no GGPO protocol logic is present
10014f25,__VEC_memcpy,undefined __VEC_memcpy(void),raw-c/10014f25___VEC_memcpy.c,docs/ggponet/native-runtime-mappings.md,native-runtime-mapped,Native runtime mapping: MSVC CRT/STL/compiler support helper supplied by libc++/libSystem/compiler runtime; no GGPO protocol logic
10015008,FUN_10015008,undefined FUN_10015008(void),raw-c/10015008_FUN_10015008.c,docs/ggponet/native-runtime-mappings.md,native-runtime-mapped,Native runtime mapping: directly evidenced MSVC STL/CRT/compiler support helper supplied by libc++/libSystem/compiler runtime; no GGPO protocol logic
10015058,__get_sse2_info,undefined __get_sse2_info(void),raw-c/10015058___get_sse2_info.c,docs/ggponet/native-runtime-mappings.md,native-runtime-mapped,Native runtime mapping: MSVC CRT/STL/compiler support helper supplied by libc++/libSystem/compiler runtime; no GGPO protocol logic
100150c7,__get_errno_from_oserr,int __cdecl __get_errno_from_oserr(ulong param_1),raw-c/100150c7___get_errno_from_oserr.c,docs/ggponet/native-runtime-mappings.md,native-runtime-mapped,Native runtime mapping: MSVC CRT/STL/compiler support helper supplied by libc++/libSystem/compiler runtime; no GGPO protocol logic
10015109,__errno,int * __cdecl __errno(void),raw-c/10015109___errno.c,docs/ggponet/native-runtime-mappings.md,native-runtime-mapped,Native runtime mapping: MSVC CRT/STL/compiler support helper supplied by libc++/libSystem/compiler runtime; no GGPO protocol logic
1001511c,___doserrno,ulong * __cdecl ___doserrno(void),raw-c/1001511c____doserrno.c,docs/ggponet/native-runtime-mappings.md,native-runtime-mapped,Native runtime mapping: MSVC CRT/STL/compiler support helper supplied by libc++/libSystem/compiler runtime; no GGPO protocol logic
1001512f,__dosmaperr,void __cdecl __dosmaperr(ulong param_1),raw-c/1001512f___dosmaperr.c,docs/ggponet/native-runtime-mappings.md,native-runtime-mapped,Native runtime mapping: MSVC CRT/STL/compiler support helper supplied by libc++/libSystem/compiler runtime; no GGPO protocol logic
10015152,__flsbuf,"int __cdecl __flsbuf(int _Ch, FILE * _File)",raw-c/10015152___flsbuf.c,docs/ggponet/native-runtime-mappings.md,native-runtime-mapped,Native runtime mapping: clearly named MSVC CRT/STL/compiler support helper supplied by libc++/libSystem/compiler runtime; no GGPO protocol logic
100152b6,_LocaleUpdate::_LocaleUpdate,"undefined __thiscall _LocaleUpdate(_LocaleUpdate * this, localeinfo_struct * param_1)",raw-c/100152b6__LocaleUpdate__LocaleUpdate.c,docs/ggponet/native-runtime-mappings.md,native-runtime-mapped,Native runtime mapping: clearly named MSVC CRT/STL/compiler support helper supplied by libc++/libSystem/compiler runtime; no GGPO protocol logic
1001533d,write_char,undefined __cdecl write_char(void),raw-c/1001533d_write_char.c,docs/ggponet/native-runtime-mappings.md,native-runtime-mapped,Native runtime mapping: directly evidenced MSVC STL/CRT/compiler support helper supplied by libc++/libSystem/compiler runtime; no GGPO protocol logic
10015370,write_multi_char,undefined __cdecl write_multi_char(void),raw-c/10015370_write_multi_char.c,docs/ggponet/native-runtime-mappings.md,native-runtime-mapped,Native runtime mapping: directly evidenced MSVC STL/CRT/compiler support helper supplied by libc++/libSystem/compiler runtime; no GGPO protocol logic
10015396,write_string,undefined __cdecl write_string(void),raw-c/10015396_write_string.c,docs/ggponet/native-runtime-mappings.md,native-runtime-mapped,Native runtime mapping: directly evidenced MSVC STL/CRT/compiler support helper supplied by libc++/libSystem/compiler runtime; no GGPO protocol logic
100153e3,__output_l,"int __cdecl __output_l(FILE * _File, char * _Format, _locale_t _Locale, va_list _ArgList)",raw-c/100153e3___output_l.c,docs/ggponet/native-runtime-mappings.md,native-runtime-mapped,Native runtime mapping: clearly named MSVC CRT/STL/compiler support helper supplied by libc++/libSystem/compiler runtime; no GGPO protocol logic
10015f7b,_strcpy_s,"errno_t __cdecl _strcpy_s(char * _Dst, rsize_t _SizeInBytes, char * _Src)",raw-c/10015f7b__strcpy_s.c,docs/ggponet/native-runtime-mappings.md,native-runtime-mapped,Native runtime mapping: clearly named MSVC CRT/STL/compiler support helper supplied by libc++/libSystem/compiler runtime; no GGPO protocol logic
10015fe3,__heap_init,int __cdecl __heap_init(void),raw-c/10015fe3___heap_init.c,docs/ggponet/native-runtime-mappings.md,native-runtime-mapped,Native runtime mapping: MSVC CRT/STL/compiler support helper supplied by libc++/libSystem/compiler runtime; no GGPO protocol logic
10016013,__heap_term,void __cdecl __heap_term(void),raw-c/10016013___heap_term.c,docs/ggponet/native-runtime-mappings.md,native-runtime-mapped,Native runtime mapping: MSVC CRT/STL/compiler support helper supplied by libc++/libSystem/compiler runtime; no GGPO protocol logic
10016087,__mtinitlocks,int __cdecl __mtinitlocks(void),raw-c/10016087___mtinitlocks.c,docs/ggponet/native-runtime-mappings.md,native-runtime-mapped,Native runtime mapping: MSVC CRT/STL/compiler support helper supplied by libc++/libSystem/compiler runtime; no GGPO protocol logic
100160d2,__mtdeletelocks,void __cdecl __mtdeletelocks(void),raw-c/100160d2___mtdeletelocks.c,docs/ggponet/native-runtime-mappings.md,native-runtime-mapped,Native runtime mapping: MSVC CRT/STL/compiler support helper supplied by libc++/libSystem/compiler runtime; no GGPO protocol logic
10016129,FUN_10016129,undefined FUN_10016129(void),raw-c/10016129_FUN_10016129.c,docs/ggponet/native-runtime-mappings.md,native-runtime-mapped,Native runtime mapping: directly evidenced MSVC STL/CRT/compiler support helper supplied by libc++/libSystem/compiler runtime; no GGPO protocol logic
10016140,__mtinitlocknum,int __cdecl __mtinitlocknum(int _LockNum),raw-c/10016140___mtinitlocknum.c,docs/ggponet/native-runtime-mappings.md,native-runtime-mapped,Native runtime mapping: MSVC CRT/STL/compiler support helper supplied by libc++/libSystem/compiler runtime; no GGPO protocol logic
100161fa,FUN_100161fa,undefined FUN_100161fa(void),raw-c/100161fa_FUN_100161fa.c,docs/ggponet/native-runtime-mappings.md,native-runtime-mapped,Native runtime mapping: directly evidenced MSVC STL/CRT/compiler support helper supplied by libc++/libSystem/compiler runtime; no GGPO protocol logic
10016203,__lock,void __cdecl __lock(int _File),raw-c/10016203___lock.c,docs/ggponet/native-runtime-mappings.md,native-runtime-mapped,Native runtime mapping: MSVC CRT/STL/compiler support helper supplied by libc++/libSystem/compiler runtime; no GGPO protocol logic
10016236,___sbh_find_block,undefined ___sbh_find_block(void),raw-c/10016236____sbh_find_block.c,docs/ggponet/native-runtime-mappings.md,native-runtime-mapped,Native runtime mapping: MSVC CRT/STL/compiler support helper supplied by libc++/libSystem/compiler runtime; no GGPO protocol logic
10016266,___sbh_free_block,undefined ___sbh_free_block(void),raw-c/10016266____sbh_free_block.c,docs/ggponet/native-runtime-mappings.md,native-runtime-mapped,Native runtime mapping: MSVC CRT/STL/compiler support helper supplied by libc++/libSystem/compiler runtime; no GGPO protocol logic
1001657c,___sbh_alloc_new_region,undefined ___sbh_alloc_new_region(void),raw-c/1001657c____sbh_alloc_new_region.c,docs/ggponet/native-runtime-mappings.md,native-runtime-mapped,Native runtime mapping: MSVC CRT/STL/compiler support helper supplied by libc++/libSystem/compiler runtime; no GGPO protocol logic
1001662c,___sbh_alloc_new_group,undefined ___sbh_alloc_new_group(void),raw-c/1001662c____sbh_alloc_new_group.c,docs/ggponet/native-runtime-mappings.md,native-runtime-mapped,Native runtime mapping: MSVC CRT/STL/compiler support helper supplied by libc++/libSystem/compiler runtime; no GGPO protocol logic
10016734,___sbh_resize_block,undefined ___sbh_resize_block(void),raw-c/10016734____sbh_resize_block.c,docs/ggponet/native-runtime-mappings.md,native-runtime-mapped,Native runtime mapping: MSVC CRT/STL/compiler support helper supplied by libc++/libSystem/compiler runtime; no GGPO protocol logic
10016a15,___sbh_alloc_block,undefined ___sbh_alloc_block(void),raw-c/10016a15____sbh_alloc_block.c,docs/ggponet/native-runtime-mappings.md,native-runtime-mapped,Native runtime mapping: MSVC CRT/STL/compiler support helper supplied by libc++/libSystem/compiler runtime; no GGPO protocol logic
10016cfc,__SEH_prolog4,undefined __SEH_prolog4(void),raw-c/10016cfc___SEH_prolog4.c,docs/ggponet/native-runtime-mappings.md,native-runtime-mapped,Native runtime mapping: MSVC CRT/STL/compiler support helper supplied by libc++/libSystem/compiler runtime; no GGPO protocol logic
10016d41,__SEH_epilog4,undefined __SEH_epilog4(void),raw-c/10016d41___SEH_epilog4.c,docs/ggponet/native-runtime-mappings.md,native-runtime-mapped,Native runtime mapping: MSVC CRT/STL/compiler support helper supplied by libc++/libSystem/compiler runtime; no GGPO protocol logic
10016d60,__except_handler4,undefined __except_handler4(void),raw-c/10016d60___except_handler4.c,docs/ggponet/native-runtime-mappings.md,native-runtime-mapped,Native runtime mapping: MSVC CRT/STL/compiler support helper supplied by libc++/libSystem/compiler runtime; no GGPO protocol logic
10016eec,__NMSG_WRITE,void __cdecl __NMSG_WRITE(int param_1),raw-c/10016eec___NMSG_WRITE.c,docs/ggponet/native-runtime-mappings.md,native-runtime-mapped,Native runtime mapping: MSVC CRT/STL/compiler support helper supplied by libc++/libSystem/compiler runtime; no GGPO protocol logic
10017097,__FF_MSGBANNER,void __cdecl __FF_MSGBANNER(void),raw-c/10017097___FF_MSGBANNER.c,docs/ggponet/native-runtime-mappings.md,native-runtime-mapped,Native runtime mapping: MSVC CRT/STL/compiler support helper supplied by libc++/libSystem/compiler runtime; no GGPO protocol logic
100170d0,FUN_100170d0,undefined FUN_100170d0(void),raw-c/100170d0_FUN_100170d0.c,docs/ggponet/native-runtime-mappings.md,native-runtime-mapped,Native runtime mapping: trivial no-op/getter/setter/return helper with no GGPO protocol behavior; covered by native compiler/runtime code generation
100170df,__callnewh,int __cdecl __callnewh(size_t _Size),raw-c/100170df___callnewh.c,docs/ggponet/native-runtime-mappings.md,native-runtime-mapped,Native runtime mapping: MSVC CRT/STL/compiler support helper supplied by libc++/libSystem/compiler runtime; no GGPO protocol logic
10017107,FUN_10017107,undefined FUN_10017107(void),raw-c/10017107_FUN_10017107.c,docs/ggponet/native-runtime-mappings.md,native-runtime-mapped,Native runtime mapping: directly evidenced MSVC STL/CRT/compiler support helper supplied by libc++/libSystem/compiler runtime; no GGPO protocol logic
1001710f,__encode_pointer,undefined __encode_pointer(void),raw-c/1001710f___encode_pointer.c,docs/ggponet/native-runtime-mappings.md,native-runtime-mapped,Native runtime mapping: MSVC CRT/STL/compiler support helper supplied by libc++/libSystem/compiler runtime; no GGPO protocol logic
10017181,__encoded_null,undefined __encoded_null(void),raw-c/10017181___encoded_null.c,docs/ggponet/native-runtime-mappings.md,native-runtime-mapped,Native runtime mapping: MSVC CRT/STL/compiler support helper supplied by libc++/libSystem/compiler runtime; no GGPO protocol logic
1001718a,__decode_pointer,undefined __decode_pointer(void),raw-c/1001718a___decode_pointer.c,docs/ggponet/native-runtime-mappings.md,native-runtime-mapped,Native runtime mapping: MSVC CRT/STL/compiler support helper supplied by libc++/libSystem/compiler runtime; no GGPO protocol logic
10017205,___set_flsgetvalue,undefined ___set_flsgetvalue(void),raw-c/10017205____set_flsgetvalue.c,docs/ggponet/native-runtime-mappings.md,native-runtime-mapped,Native runtime mapping: MSVC CRT/STL/compiler support helper supplied by libc++/libSystem/compiler runtime; no GGPO protocol logic
10017239,__mtterm,void __cdecl __mtterm(void),raw-c/10017239___mtterm.c,docs/ggponet/native-runtime-mappings.md,native-runtime-mapped,Native runtime mapping: MSVC CRT/STL/compiler support helper supplied by libc++/libSystem/compiler runtime; no GGPO protocol logic
10017276,__initptd,"void __cdecl __initptd(_ptiddata _Ptd, pthreadlocinfo _Locale)",raw-c/10017276___initptd.c,docs/ggponet/native-runtime-mappings.md,native-runtime-mapped,Native runtime mapping: clearly named MSVC CRT/STL/compiler support helper supplied by libc++/libSystem/compiler runtime; no GGPO protocol logic
1001734b,FUN_1001734b,undefined FUN_1001734b(void),raw-c/1001734b_FUN_1001734b.c,docs/ggponet/native-runtime-mappings.md,native-runtime-mapped,Native runtime mapping: final audit helper row directly evidenced as MSVC STL/CRT/compiler/exception/zlib/no-op support in docs/ggponet; native libc++/libSystem/compiler runtime supplies equivalent behavior and no GGPO protocol logic is present
10017354,FUN_10017354,undefined FUN_10017354(void),raw-c/10017354_FUN_10017354.c,docs/ggponet/native-runtime-mappings.md,native-runtime-mapped,Native runtime mapping: final audit helper row directly evidenced as MSVC STL/CRT/compiler/exception/zlib/no-op support in docs/ggponet; native libc++/libSystem/compiler runtime supplies equivalent behavior and no GGPO protocol logic is present
1001735d,__getptd_noexit,_ptiddata __cdecl __getptd_noexit(void),raw-c/1001735d___getptd_noexit.c,docs/ggponet/native-runtime-mappings.md,native-runtime-mapped,Native runtime mapping: MSVC CRT/STL/compiler support helper supplied by libc++/libSystem/compiler runtime; no GGPO protocol logic
100173d6,__getptd,_ptiddata __cdecl __getptd(void),raw-c/100173d6___getptd.c,docs/ggponet/native-runtime-mappings.md,native-runtime-mapped,Native runtime mapping: MSVC CRT/STL/compiler support helper supplied by libc++/libSystem/compiler runtime; no GGPO protocol logic
100173f0,__freefls@4,undefined __freefls@4(void),raw-c/100173f0___freefls@4.c,docs/ggponet/native-runtime-mappings.md,native-runtime-mapped,Native runtime mapping: MSVC CRT/STL/compiler support helper supplied by libc++/libSystem/compiler runtime; no GGPO protocol logic
1001750a,FUN_1001750a,undefined FUN_1001750a(void),raw-c/1001750a_FUN_1001750a.c,docs/ggponet/native-runtime-mappings.md,native-runtime-mapped,Native runtime mapping: final audit helper row directly evidenced as MSVC STL/CRT/compiler/exception/zlib/no-op support in docs/ggponet; native libc++/libSystem/compiler runtime supplies equivalent behavior and no GGPO protocol logic is present
10017516,FUN_10017516,undefined FUN_10017516(void),raw-c/10017516_FUN_10017516.c,docs/ggponet/native-runtime-mappings.md,native-runtime-mapped,Native runtime mapping: final audit helper row directly evidenced as MSVC STL/CRT/compiler/exception/zlib/no-op support in docs/ggponet; native libc++/libSystem/compiler runtime supplies equivalent behavior and no GGPO protocol logic is present
1001751f,__freeptd,void __cdecl __freeptd(_ptiddata _Ptd),raw-c/1001751f___freeptd.c,docs/ggponet/native-runtime-mappings.md,native-runtime-mapped,Native runtime mapping: MSVC CRT/STL/compiler support helper supplied by libc++/libSystem/compiler runtime; no GGPO protocol logic
1001758d,__mtinit,int __cdecl __mtinit(void),raw-c/1001758d___mtinit.c,docs/ggponet/native-runtime-mappings.md,native-runtime-mapped,Native runtime mapping: MSVC CRT/STL/compiler support helper supplied by libc++/libSystem/compiler runtime; no GGPO protocol logic
1001771a,fastzero_I,undefined __cdecl fastzero_I(void),raw-c/1001771a_fastzero_I.c,docs/ggponet/native-runtime-mappings.md,native-runtime-mapped,Native runtime mapping: directly evidenced MSVC STL/CRT/compiler support helper supplied by libc++/libSystem/compiler runtime; no GGPO protocol logic
10017771,__VEC_memzero,undefined __VEC_memzero(void),raw-c/10017771___VEC_memzero.c,docs/ggponet/native-runtime-mappings.md,native-runtime-mapped,Native runtime mapping: MSVC CRT/STL/compiler support helper supplied by libc++/libSystem/compiler runtime; no GGPO protocol logic
10017800,type_info::_Type_info_dtor,void __cdecl _Type_info_dtor(type_info * param_1),raw-c/10017800_type_info__Type_info_dtor.c,docs/ggponet/native-runtime-mappings.md,native-runtime-mapped,Native runtime mapping: directly evidenced MSVC STL/CRT/compiler support helper supplied by libc++/libSystem/compiler runtime; no GGPO protocol logic
10017867,FUN_10017867,undefined FUN_10017867(void),raw-c/10017867_FUN_10017867.c,docs/ggponet/native-runtime-mappings.md,native-runtime-mapped,Native runtime mapping: directly evidenced MSVC STL/CRT/compiler support helper supplied by libc++/libSystem/compiler runtime; no GGPO protocol logic
10017870,__onexit_nolock,undefined __onexit_nolock(void),raw-c/10017870___onexit_nolock.c,docs/ggponet/native-runtime-mappings.md,native-runtime-mapped,Native runtime mapping: MSVC CRT/STL/compiler support helper supplied by libc++/libSystem/compiler runtime; no GGPO protocol logic
1001795b,__onexit,_onexit_t __cdecl __onexit(_onexit_t _Func),raw-c/1001795b___onexit.c,docs/ggponet/native-runtime-mappings.md,native-runtime-mapped,Native runtime mapping: MSVC CRT/STL/compiler support helper supplied by libc++/libSystem/compiler runtime; no GGPO protocol logic
10017991,FUN_10017991,undefined FUN_10017991(void),raw-c/10017991_FUN_10017991.c,docs/ggponet/native-runtime-mappings.md,native-runtime-mapped,Native runtime mapping: directly evidenced MSVC STL/CRT/compiler support helper supplied by libc++/libSystem/compiler runtime; no GGPO protocol logic
10017997,_atexit,int __cdecl _atexit(_func_4879 * param_1),raw-c/10017997__atexit.c,docs/ggponet/native-runtime-mappings.md,native-runtime-mapped,Native runtime mapping: MSVC CRT/STL/compiler support helper supplied by libc++/libSystem/compiler runtime; no GGPO protocol logic
100179ae,_abort,noreturn void __cdecl _abort(void),raw-c/100179ae__abort.c,docs/ggponet/native-runtime-mappings.md,native-runtime-mapped,Native runtime mapping: MSVC CRT/STL/compiler support helper supplied by libc++/libSystem/compiler runtime; no GGPO protocol logic
10017ac5,__set_abort_behavior,"uint __cdecl __set_abort_behavior(uint _Flags, uint _Mask)",raw-c/10017ac5___set_abort_behavior.c,docs/ggponet/native-runtime-mappings.md,native-runtime-mapped,Native runtime mapping: clearly named MSVC CRT/STL/compiler support helper supplied by libc++/libSystem/compiler runtime; no GGPO protocol logic
10017ae6,FUN_10017ae6,undefined FUN_10017ae6(void),raw-c/10017ae6_FUN_10017ae6.c,docs/ggponet/native-runtime-mappings.md,native-runtime-mapped,Native runtime mapping: trivial no-op/getter/setter/return helper with no GGPO protocol behavior; covered by native compiler/runtime code generation
10017af5,strtoxl,"ulong __cdecl strtoxl(localeinfo_struct * param_1, char * param_2, char * * param_3, int param_4, int param_5)",raw-c/10017af5_strtoxl.c,docs/ggponet/native-runtime-mappings.md,native-runtime-mapped,Native runtime mapping: clearly named MSVC CRT/STL/compiler support helper supplied by libc++/libSystem/compiler runtime; no GGPO protocol logic
10017d24,_strtol,"long __cdecl _strtol(char * _Str, char * * _EndPtr, int _Radix)",raw-c/10017d24__strtol.c,docs/ggponet/native-runtime-mappings.md,native-runtime-mapped,Native runtime mapping: clearly named MSVC CRT/STL/compiler support helper supplied by libc++/libSystem/compiler runtime; no GGPO protocol logic
10017d4f,FUN_10017d4f,undefined FUN_10017d4f(void),raw-c/10017d4f_FUN_10017d4f.c,docs/ggponet/native-runtime-mappings.md,native-runtime-mapped,"Native runtime mapping: anonymous helper audited in final pass; docs show no export name, no Fightcade protocol strings, and only library/helper reachability from already mapped STL/CRT/compiler support graph"
10017e26,__lock_file,void __cdecl __lock_file(FILE * _File),raw-c/10017e26___lock_file.c,docs/ggponet/native-runtime-mappings.md,native-runtime-mapped,Native runtime mapping: MSVC CRT/STL/compiler support helper supplied by libc++/libSystem/compiler runtime; no GGPO protocol logic
10017e67,__lock_file2,"void __cdecl __lock_file2(int _Index, void * _File)",raw-c/10017e67___lock_file2.c,docs/ggponet/native-runtime-mappings.md,native-runtime-mapped,Native runtime mapping: clearly named MSVC CRT/STL/compiler support helper supplied by libc++/libSystem/compiler runtime; no GGPO protocol logic
10017e99,__unlock_file,void __cdecl __unlock_file(FILE * _File),raw-c/10017e99___unlock_file.c,docs/ggponet/native-runtime-mappings.md,native-runtime-mapped,Native runtime mapping: MSVC CRT/STL/compiler support helper supplied by libc++/libSystem/compiler runtime; no GGPO protocol logic
10017ed5,__unlock_file2,"void __cdecl __unlock_file2(int _Index, void * _File)",raw-c/10017ed5___unlock_file2.c,docs/ggponet/native-runtime-mappings.md,native-runtime-mapped,Native runtime mapping: clearly named MSVC CRT/STL/compiler support helper supplied by libc++/libSystem/compiler runtime; no GGPO protocol logic
10017f04,__openfile,"FILE * __cdecl __openfile(char * _Filename, char * _Mode, int _ShFlag, FILE * _File)",raw-c/10017f04___openfile.c,docs/ggponet/native-runtime-mappings.md,native-runtime-mapped,Native runtime mapping: clearly named MSVC CRT/STL/compiler support helper supplied by libc++/libSystem/compiler runtime; no GGPO protocol logic
100181cd,__getstream,FILE * __cdecl __getstream(void),raw-c/100181cd___getstream.c,docs/ggponet/native-runtime-mappings.md,native-runtime-mapped,Native runtime mapping: MSVC CRT/STL/compiler support helper supplied by libc++/libSystem/compiler runtime; no GGPO protocol logic
100182fc,FUN_100182fc,undefined FUN_100182fc(void),raw-c/100182fc_FUN_100182fc.c,docs/ggponet/native-runtime-mappings.md,native-runtime-mapped,Native runtime mapping: final audit helper row directly evidenced as MSVC STL/CRT/compiler/exception/zlib/no-op support in docs/ggponet; native libc++/libSystem/compiler runtime supplies equivalent behavior and no GGPO protocol logic is present
10018308,__local_unwind4,undefined __local_unwind4(void),raw-c/10018308___local_unwind4.c,docs/ggponet/native-runtime-mappings.md,native-runtime-mapped,Native runtime mapping: MSVC CRT/STL/compiler support helper supplied by libc++/libSystem/compiler runtime; no GGPO protocol logic
100183de,FUN_100183de,undefined FUN_100183de(void),raw-c/100183de_FUN_100183de.c,docs/ggponet/native-runtime-mappings.md,native-runtime-mapped,Native runtime mapping: directly evidenced MSVC STL/CRT/compiler support helper supplied by libc++/libSystem/compiler runtime; no GGPO protocol logic
100183fa,_EH4_CallFilterFunc,undefined __fastcall _EH4_CallFilterFunc(void),raw-c/100183fa__EH4_CallFilterFunc.c,docs/ggponet/native-runtime-mappings.md,native-runtime-mapped,Native runtime mapping: MSVC CRT/STL/compiler support helper supplied by libc++/libSystem/compiler runtime; no GGPO protocol logic
10018411,_EH4_TransferToHandler,undefined __fastcall _EH4_TransferToHandler(void),raw-c/10018411__EH4_TransferToHandler.c,docs/ggponet/native-runtime-mappings.md,native-runtime-mapped,Native runtime mapping: MSVC CRT/STL/compiler support helper supplied by libc++/libSystem/compiler runtime; no GGPO protocol logic
1001842a,_EH4_GlobalUnwind,undefined __fastcall _EH4_GlobalUnwind(void),raw-c/1001842a__EH4_GlobalUnwind.c,docs/ggponet/native-runtime-mappings.md,native-runtime-mapped,Native runtime mapping: MSVC CRT/STL/compiler support helper supplied by libc++/libSystem/compiler runtime; no GGPO protocol logic
10018444,_EH4_LocalUnwind,undefined __fastcall _EH4_LocalUnwind(void),raw-c/10018444__EH4_LocalUnwind.c,docs/ggponet/native-runtime-mappings.md,native-runtime-mapped,Native runtime mapping: MSVC CRT/STL/compiler support helper supplied by libc++/libSystem/compiler runtime; no GGPO protocol logic
1001845b,__filbuf,int __cdecl __filbuf(FILE * _File),raw-c/1001845b___filbuf.c,docs/ggponet/native-runtime-mappings.md,native-runtime-mapped,Native runtime mapping: MSVC CRT/STL/compiler support helper supplied by libc++/libSystem/compiler runtime; no GGPO protocol logic
10018586,__read_nolock,"int __cdecl __read_nolock(int _FileHandle, void * _DstBuf, uint _MaxCharCount)",raw-c/10018586___read_nolock.c,docs/ggponet/native-runtime-mappings.md,native-runtime-mapped,Native runtime mapping: clearly named MSVC CRT/STL/compiler support helper supplied by libc++/libSystem/compiler runtime; no GGPO protocol logic
10018b48,__read,"int __cdecl __read(int _FileHandle, void * _DstBuf, uint _MaxCharCount)",raw-c/10018b48___read.c,docs/ggponet/native-runtime-mappings.md,native-runtime-mapped,Native runtime mapping: clearly named MSVC CRT/STL/compiler support helper supplied by libc++/libSystem/compiler runtime; no GGPO protocol logic
10018c3b,FUN_10018c3b,undefined FUN_10018c3b(void),raw-c/10018c3b_FUN_10018c3b.c,docs/ggponet/native-runtime-mappings.md,native-runtime-mapped,Native runtime mapping: directly evidenced MSVC STL/CRT/compiler support helper supplied by libc++/libSystem/compiler runtime; no GGPO protocol logic
10018c45,__fileno,int __cdecl __fileno(FILE * _File),raw-c/10018c45___fileno.c,docs/ggponet/native-runtime-mappings.md,native-runtime-mapped,Native runtime mapping: MSVC CRT/STL/compiler support helper supplied by libc++/libSystem/compiler runtime; no GGPO protocol logic
10018c77,__close_nolock,int __cdecl __close_nolock(int _FileHandle),raw-c/10018c77___close_nolock.c,docs/ggponet/native-runtime-mappings.md,native-runtime-mapped,Native runtime mapping: MSVC CRT/STL/compiler support helper supplied by libc++/libSystem/compiler runtime; no GGPO protocol logic
10018d13,__close,int __cdecl __close(int _FileHandle),raw-c/10018d13___close.c,docs/ggponet/native-runtime-mappings.md,native-runtime-mapped,Native runtime mapping: MSVC CRT/STL/compiler support helper supplied by libc++/libSystem/compiler runtime; no GGPO protocol logic
10018dd6,FUN_10018dd6,undefined FUN_10018dd6(void),raw-c/10018dd6_FUN_10018dd6.c,docs/ggponet/native-runtime-mappings.md,native-runtime-mapped,Native runtime mapping: directly evidenced MSVC STL/CRT/compiler support helper supplied by libc++/libSystem/compiler runtime; no GGPO protocol logic
10018de0,__freebuf,void __cdecl __freebuf(FILE * _File),raw-c/10018de0___freebuf.c,docs/ggponet/native-runtime-mappings.md,native-runtime-mapped,Native runtime mapping: MSVC CRT/STL/compiler support helper supplied by libc++/libSystem/compiler runtime; no GGPO protocol logic
10018e11,__stbuf,int __cdecl __stbuf(FILE * _File),raw-c/10018e11___stbuf.c,docs/ggponet/native-runtime-mappings.md,native-runtime-mapped,Native runtime mapping: MSVC CRT/STL/compiler support helper supplied by libc++/libSystem/compiler runtime; no GGPO protocol logic
10018ead,__ftbuf,"void __cdecl __ftbuf(int _Flag, FILE * _File)",raw-c/10018ead___ftbuf.c,docs/ggponet/native-runtime-mappings.md,native-runtime-mapped,Native runtime mapping: clearly named MSVC CRT/STL/compiler support helper supplied by libc++/libSystem/compiler runtime; no GGPO protocol logic
10018ee1,__ioinit,int __cdecl __ioinit(void),raw-c/10018ee1___ioinit.c,docs/ggponet/native-runtime-mappings.md,native-runtime-mapped,Native runtime mapping: MSVC CRT/STL/compiler support helper supplied by libc++/libSystem/compiler runtime; no GGPO protocol logic
10019135,__ioterm,void __cdecl __ioterm(void),raw-c/10019135___ioterm.c,docs/ggponet/native-runtime-mappings.md,native-runtime-mapped,Native runtime mapping: MSVC CRT/STL/compiler support helper supplied by libc++/libSystem/compiler runtime; no GGPO protocol logic
10019183,__fwrite_nolock,"size_t __cdecl __fwrite_nolock(void * _DstBuf, size_t _Size, size_t _Count, FILE * _File)",raw-c/10019183___fwrite_nolock.c,docs/ggponet/native-runtime-mappings.md,native-runtime-mapped,Native runtime mapping: clearly named MSVC CRT/STL/compiler support helper supplied by libc++/libSystem/compiler runtime; no GGPO protocol logic
100192e5,__RTC_Initialize,undefined __RTC_Initialize(void),raw-c/100192e5___RTC_Initialize.c,docs/ggponet/native-runtime-mappings.md,native-runtime-mapped,Native runtime mapping: MSVC CRT/STL/compiler support helper supplied by libc++/libSystem/compiler runtime; no GGPO protocol logic
10019331,__initp_misc_cfltcvt_tab,undefined __initp_misc_cfltcvt_tab(void),raw-c/10019331___initp_misc_cfltcvt_tab.c,docs/ggponet/native-runtime-mappings.md,native-runtime-mapped,Native runtime mapping: MSVC CRT/STL/compiler support helper supplied by libc++/libSystem/compiler runtime; no GGPO protocol logic
10019360,__ValidateImageBase,BOOL __cdecl __ValidateImageBase(PBYTE pImageBase),raw-c/10019360___ValidateImageBase.c,docs/ggponet/native-runtime-mappings.md,native-runtime-mapped,Native runtime mapping: MSVC CRT/STL/compiler support helper supplied by libc++/libSystem/compiler runtime; no GGPO protocol logic
100193a0,__FindPESection,"PIMAGE_SECTION_HEADER __cdecl __FindPESection(PBYTE pImageBase, DWORD_PTR rva)",raw-c/100193a0___FindPESection.c,docs/ggponet/native-runtime-mappings.md,native-runtime-mapped,Native runtime mapping: clearly named MSVC CRT/STL/compiler support helper supplied by libc++/libSystem/compiler runtime; no GGPO protocol logic
100193f0,__IsNonwritableInCurrentImage,BOOL __cdecl __IsNonwritableInCurrentImage(PBYTE pTarget),raw-c/100193f0___IsNonwritableInCurrentImage.c,docs/ggponet/native-runtime-mappings.md,native-runtime-mapped,Native runtime mapping: MSVC CRT/STL/compiler support helper supplied by libc++/libSystem/compiler runtime; no GGPO protocol logic
100194ad,terminate,void __cdecl terminate(void),raw-c/100194ad_terminate.c,docs/ggponet/native-runtime-mappings.md,native-runtime-mapped,Native runtime mapping: directly evidenced MSVC STL/CRT/compiler support helper supplied by libc++/libSystem/compiler runtime; no GGPO protocol logic
100194e6,FUN_100194e6,undefined FUN_100194e6(void),raw-c/100194e6_FUN_100194e6.c,docs/ggponet/native-runtime-mappings.md,native-runtime-mapped,Native runtime mapping: directly evidenced MSVC STL/CRT/compiler support helper supplied by libc++/libSystem/compiler runtime; no GGPO protocol logic
100194f9,_inconsistency,void __cdecl _inconsistency(void),raw-c/100194f9__inconsistency.c,docs/ggponet/native-runtime-mappings.md,native-runtime-mapped,Native runtime mapping: MSVC CRT/STL/compiler support helper supplied by libc++/libSystem/compiler runtime; no GGPO protocol logic
10019531,__initp_eh_hooks,undefined __initp_eh_hooks(void),raw-c/10019531___initp_eh_hooks.c,docs/ggponet/native-runtime-mappings.md,native-runtime-mapped,Native runtime mapping: MSVC CRT/STL/compiler support helper supplied by libc++/libSystem/compiler runtime; no GGPO protocol logic
10019542,FUN_10019542,undefined FUN_10019542(void),raw-c/10019542_FUN_10019542.c,docs/ggponet/native-runtime-mappings.md,native-runtime-mapped,Native runtime mapping: trivial no-op/getter/setter/return helper with no GGPO protocol behavior; covered by native compiler/runtime code generation
10019543,__XcptFilter,"int __cdecl __XcptFilter(ulong _ExceptionNum, _EXCEPTION_POINTERS * _ExceptionPtr)",raw-c/10019543___XcptFilter.c,docs/ggponet/native-runtime-mappings.md,native-runtime-mapped,Native runtime mapping: clearly named MSVC CRT/STL/compiler support helper supplied by libc++/libSystem/compiler runtime; no GGPO protocol logic
100196a3,___CppXcptFilter,"int __cdecl ___CppXcptFilter(ulong _ExceptionNum, _EXCEPTION_POINTERS * _ExceptionPtr)",raw-c/100196a3____CppXcptFilter.c,docs/ggponet/native-runtime-mappings.md,native-runtime-mapped,Native runtime mapping: clearly named MSVC CRT/STL/compiler support helper supplied by libc++/libSystem/compiler runtime; no GGPO protocol logic
100196c3,__initp_misc_winsig,undefined __initp_misc_winsig(void),raw-c/100196c3___initp_misc_winsig.c,docs/ggponet/native-runtime-mappings.md,native-runtime-mapped,Native runtime mapping: MSVC CRT/STL/compiler support helper supplied by libc++/libSystem/compiler runtime; no GGPO protocol logic
100196e1,siglookup,undefined __cdecl siglookup(void),raw-c/100196e1_siglookup.c,docs/ggponet/native-runtime-mappings.md,native-runtime-mapped,Native runtime mapping: directly evidenced MSVC STL/CRT/compiler support helper supplied by libc++/libSystem/compiler runtime; no GGPO protocol logic
10019718,___get_sigabrt,_PHNDLR __cdecl ___get_sigabrt(void),raw-c/10019718____get_sigabrt.c,docs/ggponet/native-runtime-mappings.md,native-runtime-mapped,Native runtime mapping: MSVC CRT/STL/compiler support helper supplied by libc++/libSystem/compiler runtime; no GGPO protocol logic
10019725,_raise,int __cdecl _raise(int _SigNum),raw-c/10019725__raise.c,docs/ggponet/native-runtime-mappings.md,native-runtime-mapped,Native runtime mapping: MSVC CRT/STL/compiler support helper supplied by libc++/libSystem/compiler runtime; no GGPO protocol logic
10019899,FUN_10019899,undefined FUN_10019899(void),raw-c/10019899_FUN_10019899.c,docs/ggponet/native-runtime-mappings.md,native-runtime-mapped,Native runtime mapping: final audit helper row directly evidenced as MSVC STL/CRT/compiler/exception/zlib/no-op support in docs/ggponet; native libc++/libSystem/compiler runtime supplies equivalent behavior and no GGPO protocol logic is present
100198d5,FUN_100198d5,undefined FUN_100198d5(void),raw-c/100198d5_FUN_100198d5.c,docs/ggponet/native-runtime-mappings.md,native-runtime-mapped,Native runtime mapping: final audit helper row directly evidenced as MSVC STL/CRT/compiler/exception/zlib/no-op support in docs/ggponet; native libc++/libSystem/compiler runtime supplies equivalent behavior and no GGPO protocol logic is present
100198e4,FUN_100198e4,undefined FUN_100198e4(void),raw-c/100198e4_FUN_100198e4.c,docs/ggponet/native-runtime-mappings.md,native-runtime-mapped,Native runtime mapping: final audit helper row directly evidenced as MSVC STL/CRT/compiler/exception/zlib/no-op support in docs/ggponet; native libc++/libSystem/compiler runtime supplies equivalent behavior and no GGPO protocol logic is present
100198f3,___crtInitCritSecAndSpinCount,undefined ___crtInitCritSecAndSpinCount(void),raw-c/100198f3____crtInitCritSecAndSpinCount.c,docs/ggponet/native-runtime-mappings.md,native-runtime-mapped,Native runtime mapping: MSVC CRT/STL/compiler support helper supplied by libc++/libSystem/compiler runtime; no GGPO protocol logic
10019953,__vsnprintf_l,"int __cdecl __vsnprintf_l(char * _DstBuf, size_t _MaxCount, char * _Format, _locale_t _Locale, va_list _ArgList)",raw-c/10019953___vsnprintf_l.c,docs/ggponet/native-runtime-mappings.md,native-runtime-mapped,Native runtime mapping: clearly named MSVC CRT/STL/compiler support helper supplied by libc++/libSystem/compiler runtime; no GGPO protocol logic
10019a06,__vsnprintf,"int __cdecl __vsnprintf(char * _Dest, size_t _Count, char * _Format, va_list _Args)",raw-c/10019a06___vsnprintf.c,docs/ggponet/native-runtime-mappings.md,native-runtime-mapped,Native runtime mapping: clearly named MSVC CRT/STL/compiler support helper supplied by libc++/libSystem/compiler runtime; no GGPO protocol logic
10019a23,__mbsnbicoll_l,"int __cdecl __mbsnbicoll_l(uchar * _Str1, uchar * _Str2, size_t _MaxCount, _locale_t _Locale)",raw-c/10019a23___mbsnbicoll_l.c,docs/ggponet/native-runtime-mappings.md,native-runtime-mapped,Native runtime mapping: clearly named MSVC CRT/STL/compiler support helper supplied by libc++/libSystem/compiler runtime; no GGPO protocol logic
10019b11,__mbsnbicoll,"int __cdecl __mbsnbicoll(uchar * _Str1, uchar * _Str2, size_t _MaxCount)",raw-c/10019b11___mbsnbicoll.c,docs/ggponet/native-runtime-mappings.md,native-runtime-mapped,Native runtime mapping: clearly named MSVC CRT/STL/compiler support helper supplied by libc++/libSystem/compiler runtime; no GGPO protocol logic
10019b2b,___wtomb_environ,int __cdecl ___wtomb_environ(void),raw-c/10019b2b____wtomb_environ.c,docs/ggponet/native-runtime-mappings.md,native-runtime-mapped,Native runtime mapping: MSVC CRT/STL/compiler support helper supplied by libc++/libSystem/compiler runtime; no GGPO protocol logic
10019bc2,_strnlen,"size_t __cdecl _strnlen(char * _Str, size_t _MaxCount)",raw-c/10019bc2__strnlen.c,docs/ggponet/native-runtime-mappings.md,native-runtime-mapped,Native runtime mapping: clearly named MSVC CRT/STL/compiler support helper supplied by libc++/libSystem/compiler runtime; no GGPO protocol logic
10019bdf,__write_nolock,"int __cdecl __write_nolock(int _FileHandle, void * _Buf, uint _MaxCharCount)",raw-c/10019bdf___write_nolock.c,docs/ggponet/native-runtime-mappings.md,native-runtime-mapped,Native runtime mapping: clearly named MSVC CRT/STL/compiler support helper supplied by libc++/libSystem/compiler runtime; no GGPO protocol logic
1001a312,__write,"int __cdecl __write(int _FileHandle, void * _Buf, uint _MaxCharCount)",raw-c/1001a312___write.c,docs/ggponet/native-runtime-mappings.md,native-runtime-mapped,Native runtime mapping: clearly named MSVC CRT/STL/compiler support helper supplied by libc++/libSystem/compiler runtime; no GGPO protocol logic
1001a3e4,FUN_1001a3e4,undefined FUN_1001a3e4(void),raw-c/1001a3e4_FUN_1001a3e4.c,docs/ggponet/native-runtime-mappings.md,native-runtime-mapped,Native runtime mapping: directly evidenced MSVC STL/CRT/compiler support helper supplied by libc++/libSystem/compiler runtime; no GGPO protocol logic
1001a3ee,__commit,int __cdecl __commit(int _FileHandle),raw-c/1001a3ee___commit.c,docs/ggponet/native-runtime-mappings.md,native-runtime-mapped,Native runtime mapping: MSVC CRT/STL/compiler support helper supplied by libc++/libSystem/compiler runtime; no GGPO protocol logic
1001a4c5,FUN_1001a4c5,undefined FUN_1001a4c5(void),raw-c/1001a4c5_FUN_1001a4c5.c,docs/ggponet/native-runtime-mappings.md,native-runtime-mapped,Native runtime mapping: directly evidenced MSVC STL/CRT/compiler support helper supplied by libc++/libSystem/compiler runtime; no GGPO protocol logic
1001a4cf,__malloc_crt,void * __cdecl __malloc_crt(size_t _Size),raw-c/1001a4cf___malloc_crt.c,docs/ggponet/native-runtime-mappings.md,native-runtime-mapped,Native runtime mapping: MSVC CRT/STL/compiler support helper supplied by libc++/libSystem/compiler runtime; no GGPO protocol logic
1001a514,__calloc_crt,"void * __cdecl __calloc_crt(size_t _Count, size_t _Size)",raw-c/1001a514___calloc_crt.c,docs/ggponet/native-runtime-mappings.md,native-runtime-mapped,Native runtime mapping: clearly named MSVC CRT/STL/compiler support helper supplied by libc++/libSystem/compiler runtime; no GGPO protocol logic
1001a560,__realloc_crt,"void * __cdecl __realloc_crt(void * _Ptr, size_t _NewSize)",raw-c/1001a560___realloc_crt.c,docs/ggponet/native-runtime-mappings.md,native-runtime-mapped,Native runtime mapping: clearly named MSVC CRT/STL/compiler support helper supplied by libc++/libSystem/compiler runtime; no GGPO protocol logic
1001a5ae,__recalloc_crt,"void * __cdecl __recalloc_crt(void * _Ptr, size_t _Count, size_t _Size)",raw-c/1001a5ae___recalloc_crt.c,docs/ggponet/native-runtime-mappings.md,native-runtime-mapped,Native runtime mapping: clearly named MSVC CRT/STL/compiler support helper supplied by libc++/libSystem/compiler runtime; no GGPO protocol logic
1001a600,__setenvp,int __cdecl __setenvp(void),raw-c/1001a600___setenvp.c,docs/ggponet/native-runtime-mappings.md,native-runtime-mapped,Native runtime mapping: MSVC CRT/STL/compiler support helper supplied by libc++/libSystem/compiler runtime; no GGPO protocol logic
1001a6de,parse_cmdline,undefined __cdecl parse_cmdline(void),raw-c/1001a6de_parse_cmdline.c,docs/ggponet/native-runtime-mappings.md,native-runtime-mapped,Native runtime mapping: directly evidenced MSVC STL/CRT/compiler support helper supplied by libc++/libSystem/compiler runtime; no GGPO protocol logic
1001a878,__setargv,int __cdecl __setargv(void),raw-c/1001a878___setargv.c,docs/ggponet/native-runtime-mappings.md,native-runtime-mapped,Native runtime mapping: MSVC CRT/STL/compiler support helper supplied by libc++/libSystem/compiler runtime; no GGPO protocol logic
1001a933,___crtGetEnvironmentStringsA,LPVOID __cdecl ___crtGetEnvironmentStringsA(void),raw-c/1001a933____crtGetEnvironmentStringsA.c,docs/ggponet/native-runtime-mappings.md,native-runtime-mapped,Native runtime mapping: MSVC CRT/STL/compiler support helper supplied by libc++/libSystem/compiler runtime; no GGPO protocol logic
1001aa6a,___security_init_cookie,void __cdecl ___security_init_cookie(void),raw-c/1001aa6a____security_init_cookie.c,docs/ggponet/native-runtime-mappings.md,native-runtime-mapped,Native runtime mapping: MSVC CRT/STL/compiler support helper supplied by libc++/libSystem/compiler runtime; no GGPO protocol logic
1001ab00,__calloc_impl,undefined __calloc_impl(void),raw-c/1001ab00___calloc_impl.c,docs/ggponet/native-runtime-mappings.md,native-runtime-mapped,Native runtime mapping: MSVC CRT/STL/compiler support helper supplied by libc++/libSystem/compiler runtime; no GGPO protocol logic
1001abfc,FUN_1001abfc,undefined FUN_1001abfc(void),raw-c/1001abfc_FUN_1001abfc.c,docs/ggponet/native-runtime-mappings.md,native-runtime-mapped,Native runtime mapping: final audit helper row directly evidenced as MSVC STL/CRT/compiler/exception/zlib/no-op support in docs/ggponet; native libc++/libSystem/compiler runtime supplies equivalent behavior and no GGPO protocol logic is present
1001ac1e,std::bad_exception::bad_exception,"undefined __thiscall bad_exception(bad_exception * this, char * param_1)",raw-c/1001ac1e_std_bad_exception_bad_exception.c,docs/ggponet/native-runtime-mappings.md,native-runtime-mapped,Native runtime mapping: clearly named MSVC CRT/STL/compiler support helper supplied by libc++/libSystem/compiler runtime; no GGPO protocol logic
1001ac47,FUN_1001ac47,undefined FUN_1001ac47(void),raw-c/1001ac47_FUN_1001ac47.c,docs/ggponet/native-runtime-mappings.md,native-runtime-mapped,"Native runtime mapping: scalar deleting destructor for STL/CRT/support object; documented body only calls destructor and operator delete on flag bit, with no GGPO protocol logic"
1001ac6e,___TypeMatch,undefined ___TypeMatch(void),raw-c/1001ac6e____TypeMatch.c,docs/ggponet/native-runtime-mappings.md,native-runtime-mapped,Native runtime mapping: MSVC CRT/STL/compiler support helper supplied by libc++/libSystem/compiler runtime; no GGPO protocol logic
1001accd,___FrameUnwindFilter,undefined ___FrameUnwindFilter(void),raw-c/1001accd____FrameUnwindFilter.c,docs/ggponet/native-runtime-mappings.md,native-runtime-mapped,Native runtime mapping: MSVC CRT/STL/compiler support helper supplied by libc++/libSystem/compiler runtime; no GGPO protocol logic
1001ad16,___FrameUnwindToState,undefined ___FrameUnwindToState(void),raw-c/1001ad16____FrameUnwindToState.c,docs/ggponet/native-runtime-mappings.md,native-runtime-mapped,Native runtime mapping: MSVC CRT/STL/compiler support helper supplied by libc++/libSystem/compiler runtime; no GGPO protocol logic
1001addc,FUN_1001addc,undefined FUN_1001addc(void),raw-c/1001addc_FUN_1001addc.c,docs/ggponet/native-runtime-mappings.md,native-runtime-mapped,Native runtime mapping: directly evidenced MSVC STL/CRT/compiler support helper supplied by libc++/libSystem/compiler runtime; no GGPO protocol logic
1001ae3c,___DestructExceptionObject,undefined ___DestructExceptionObject(void),raw-c/1001ae3c____DestructExceptionObject.c,docs/ggponet/native-runtime-mappings.md,native-runtime-mapped,Native runtime mapping: MSVC CRT/STL/compiler support helper supplied by libc++/libSystem/compiler runtime; no GGPO protocol logic
1001ae91,___AdjustPointer,undefined ___AdjustPointer(void),raw-c/1001ae91____AdjustPointer.c,docs/ggponet/native-runtime-mappings.md,native-runtime-mapped,Native runtime mapping: MSVC CRT/STL/compiler support helper supplied by libc++/libSystem/compiler runtime; no GGPO protocol logic
1001aeba,IsInExceptionSpec,"uchar __cdecl IsInExceptionSpec(EHExceptionRecord * param_1, _s_ESTypeList * param_2)",raw-c/1001aeba_IsInExceptionSpec.c,docs/ggponet/native-runtime-mappings.md,native-runtime-mapped,Native runtime mapping: clearly named MSVC CRT/STL/compiler support helper supplied by libc++/libSystem/compiler runtime; no GGPO protocol logic
1001af35,FUN_1001af35,undefined FUN_1001af35(void),raw-c/1001af35_FUN_1001af35.c,docs/ggponet/native-runtime-mappings.md,native-runtime-mapped,Native runtime mapping: directly evidenced MSVC STL/CRT/compiler support helper supplied by libc++/libSystem/compiler runtime; no GGPO protocol logic
1001af66,Catch_All@1001af66,undefined Catch_All@1001af66(void),raw-c/1001af66_Catch_All@1001af66.c,docs/ggponet/native-runtime-mappings.md,native-runtime-mapped,Native runtime mapping: MSVC CRT/STL/compiler support helper supplied by libc++/libSystem/compiler runtime; no GGPO protocol logic
1001af7e,CallCatchBlock,"void * __cdecl CallCatchBlock(EHExceptionRecord * param_1, EHRegistrationNode * param_2, _CONTEXT * param_3, _s_FuncInfo * param_4, void * param_5, int param_6, ulong param_7)",raw-c/1001af7e_CallCatchBlock.c,docs/ggponet/native-runtime-mappings.md,native-runtime-mapped,Native runtime mapping: clearly named MSVC CRT/STL/compiler support helper supplied by libc++/libSystem/compiler runtime; no GGPO protocol logic
1001b0a4,FUN_1001b0a4,undefined FUN_1001b0a4(void),raw-c/1001b0a4_FUN_1001b0a4.c,docs/ggponet/native-runtime-mappings.md,native-runtime-mapped,Native runtime mapping: directly evidenced MSVC STL/CRT/compiler support helper supplied by libc++/libSystem/compiler runtime; no GGPO protocol logic
1001b11a,___BuildCatchObjectHelper,undefined ___BuildCatchObjectHelper(void),raw-c/1001b11a____BuildCatchObjectHelper.c,docs/ggponet/native-runtime-mappings.md,native-runtime-mapped,Native runtime mapping: MSVC CRT/STL/compiler support helper supplied by libc++/libSystem/compiler runtime; no GGPO protocol logic
1001b299,___BuildCatchObject,undefined ___BuildCatchObject(void),raw-c/1001b299____BuildCatchObject.c,docs/ggponet/native-runtime-mappings.md,native-runtime-mapped,Native runtime mapping: MSVC CRT/STL/compiler support helper supplied by libc++/libSystem/compiler runtime; no GGPO protocol logic
1001b32b,CatchIt,"void __cdecl CatchIt(EHExceptionRecord * param_1, EHRegistrationNode * param_2, _CONTEXT * param_3, void * param_4, _s_FuncInfo * param_5, _s_HandlerType * param_6, _s_CatchableType * param_7, _s_TryBlockMapEntry * param_8, int param_9, EHRegistrationNode * param_10, uchar param_11)",raw-c/1001b32b_CatchIt.c,docs/ggponet/native-runtime-mappings.md,native-runtime-mapped,Native runtime mapping: clearly named MSVC CRT/STL/compiler support helper supplied by libc++/libSystem/compiler runtime; no GGPO protocol logic
1001b399,FindHandlerForForeignException,"void __cdecl FindHandlerForForeignException(EHExceptionRecord * param_1, EHRegistrationNode * param_2, _CONTEXT * param_3, void * param_4, _s_FuncInfo * param_5, int param_6, int param_7, EHRegistrationNode * param_8)",raw-c/1001b399_FindHandlerForForeignException.c,docs/ggponet/native-runtime-mappings.md,native-runtime-mapped,Native runtime mapping: clearly named MSVC CRT/STL/compiler support helper supplied by libc++/libSystem/compiler runtime; no GGPO protocol logic
1001b48d,FindHandler,"void __cdecl FindHandler(EHExceptionRecord * param_1, EHRegistrationNode * param_2, _CONTEXT * param_3, void * param_4, _s_FuncInfo * param_5, uchar param_6, int param_7, EHRegistrationNode * param_8)",raw-c/1001b48d_FindHandler.c,docs/ggponet/native-runtime-mappings.md,native-runtime-mapped,Native runtime mapping: clearly named MSVC CRT/STL/compiler support helper supplied by libc++/libSystem/compiler runtime; no GGPO protocol logic
1001b7d4,FUN_1001b7d4,undefined FUN_1001b7d4(void),raw-c/1001b7d4_FUN_1001b7d4.c,docs/ggponet/native-runtime-mappings.md,native-runtime-mapped,Native runtime mapping: final audit helper row directly evidenced as MSVC STL/CRT/compiler/exception/zlib/no-op support in docs/ggponet; native libc++/libSystem/compiler runtime supplies equivalent behavior and no GGPO protocol logic is present
1001b7f1,___InternalCxxFrameHandler,undefined ___InternalCxxFrameHandler(void),raw-c/1001b7f1____InternalCxxFrameHandler.c,docs/ggponet/native-runtime-mappings.md,native-runtime-mapped,Native runtime mapping: MSVC CRT/STL/compiler support helper supplied by libc++/libSystem/compiler runtime; no GGPO protocol logic
1001b8e0,__CallSettingFrame@12,undefined __CallSettingFrame@12(void),raw-c/1001b8e0___CallSettingFrame@12.c,docs/ggponet/native-runtime-mappings.md,native-runtime-mapped,Native runtime mapping: MSVC CRT/STL/compiler support helper supplied by libc++/libSystem/compiler runtime; no GGPO protocol logic
1001b92c,__lseeki64_nolock,"longlong __cdecl __lseeki64_nolock(int _FileHandle, longlong _Offset, int _Origin)",raw-c/1001b92c___lseeki64_nolock.c,docs/ggponet/native-runtime-mappings.md,native-runtime-mapped,Native runtime mapping: clearly named MSVC CRT/STL/compiler support helper supplied by libc++/libSystem/compiler runtime; no GGPO protocol logic
1001b9b1,__lseeki64,"longlong __cdecl __lseeki64(int _FileHandle, longlong _Offset, int _Origin)",raw-c/1001b9b1___lseeki64.c,docs/ggponet/native-runtime-mappings.md,native-runtime-mapped,Native runtime mapping: clearly named MSVC CRT/STL/compiler support helper supplied by libc++/libSystem/compiler runtime; no GGPO protocol logic
1001bac0,FUN_1001bac0,undefined FUN_1001bac0(void),raw-c/1001bac0_FUN_1001bac0.c,docs/ggponet/native-runtime-mappings.md,native-runtime-mapped,Native runtime mapping: directly evidenced MSVC STL/CRT/compiler support helper supplied by libc++/libSystem/compiler runtime; no GGPO protocol logic
1001baca,__getbuf,void __cdecl __getbuf(FILE * _File),raw-c/1001baca___getbuf.c,docs/ggponet/native-runtime-mappings.md,native-runtime-mapped,Native runtime mapping: MSVC CRT/STL/compiler support helper supplied by libc++/libSystem/compiler runtime; no GGPO protocol logic
1001bb13,__isatty,int __cdecl __isatty(int _FileHandle),raw-c/1001bb13___isatty.c,docs/ggponet/native-runtime-mappings.md,native-runtime-mapped,Native runtime mapping: MSVC CRT/STL/compiler support helper supplied by libc++/libSystem/compiler runtime; no GGPO protocol logic
1001bb77,CPtoLCID,int __cdecl CPtoLCID(int param_1),raw-c/1001bb77_CPtoLCID.c,docs/ggponet/native-runtime-mappings.md,native-runtime-mapped,Native runtime mapping: directly evidenced MSVC STL/CRT/compiler support helper supplied by libc++/libSystem/compiler runtime; no GGPO protocol logic
1001bba6,setSBCS,void __cdecl setSBCS(threadmbcinfostruct * param_1),raw-c/1001bba6_setSBCS.c,docs/ggponet/native-runtime-mappings.md,native-runtime-mapped,Native runtime mapping: directly evidenced MSVC STL/CRT/compiler support helper supplied by libc++/libSystem/compiler runtime; no GGPO protocol logic
1001bc0a,setSBUpLow,void __cdecl setSBUpLow(threadmbcinfostruct * param_1),raw-c/1001bc0a_setSBUpLow.c,docs/ggponet/native-runtime-mappings.md,native-runtime-mapped,Native runtime mapping: directly evidenced MSVC STL/CRT/compiler support helper supplied by libc++/libSystem/compiler runtime; no GGPO protocol logic
1001bd9d,___updatetmbcinfo,pthreadmbcinfo __cdecl ___updatetmbcinfo(void),raw-c/1001bd9d____updatetmbcinfo.c,docs/ggponet/native-runtime-mappings.md,native-runtime-mapped,Native runtime mapping: MSVC CRT/STL/compiler support helper supplied by libc++/libSystem/compiler runtime; no GGPO protocol logic
1001be38,FUN_1001be38,undefined FUN_1001be38(void),raw-c/1001be38_FUN_1001be38.c,docs/ggponet/native-runtime-mappings.md,native-runtime-mapped,Native runtime mapping: final audit helper row directly evidenced as MSVC STL/CRT/compiler/exception/zlib/no-op support in docs/ggponet; native libc++/libSystem/compiler runtime supplies equivalent behavior and no GGPO protocol logic is present
1001be41,getSystemCP,int __cdecl getSystemCP(int param_1),raw-c/1001be41_getSystemCP.c,docs/ggponet/native-runtime-mappings.md,native-runtime-mapped,Native runtime mapping: directly evidenced MSVC STL/CRT/compiler support helper supplied by libc++/libSystem/compiler runtime; no GGPO protocol logic
1001bebd,__setmbcp_nolock,undefined __setmbcp_nolock(void),raw-c/1001bebd___setmbcp_nolock.c,docs/ggponet/native-runtime-mappings.md,native-runtime-mapped,Native runtime mapping: MSVC CRT/STL/compiler support helper supplied by libc++/libSystem/compiler runtime; no GGPO protocol logic
1001c0a2,__setmbcp,int __cdecl __setmbcp(int _CodePage),raw-c/1001c0a2___setmbcp.c,docs/ggponet/native-runtime-mappings.md,native-runtime-mapped,Native runtime mapping: MSVC CRT/STL/compiler support helper supplied by libc++/libSystem/compiler runtime; no GGPO protocol logic
1001c203,FUN_1001c203,undefined FUN_1001c203(void),raw-c/1001c203_FUN_1001c203.c,docs/ggponet/native-runtime-mappings.md,native-runtime-mapped,Native runtime mapping: final audit helper row directly evidenced as MSVC STL/CRT/compiler/exception/zlib/no-op support in docs/ggponet; native libc++/libSystem/compiler runtime supplies equivalent behavior and no GGPO protocol logic is present
1001c23c,___initmbctable,undefined ___initmbctable(void),raw-c/1001c23c____initmbctable.c,docs/ggponet/native-runtime-mappings.md,native-runtime-mapped,Native runtime mapping: MSVC CRT/STL/compiler support helper supplied by libc++/libSystem/compiler runtime; no GGPO protocol logic
1001c25a,___freetlocinfo,undefined ___freetlocinfo(void),raw-c/1001c25a____freetlocinfo.c,docs/ggponet/native-runtime-mappings.md,native-runtime-mapped,Native runtime mapping: MSVC CRT/STL/compiler support helper supplied by libc++/libSystem/compiler runtime; no GGPO protocol logic
1001c3a3,___addlocaleref,undefined ___addlocaleref(void),raw-c/1001c3a3____addlocaleref.c,docs/ggponet/native-runtime-mappings.md,native-runtime-mapped,Native runtime mapping: MSVC CRT/STL/compiler support helper supplied by libc++/libSystem/compiler runtime; no GGPO protocol logic
1001c432,___removelocaleref,undefined ___removelocaleref(void),raw-c/1001c432____removelocaleref.c,docs/ggponet/native-runtime-mappings.md,native-runtime-mapped,Native runtime mapping: MSVC CRT/STL/compiler support helper supplied by libc++/libSystem/compiler runtime; no GGPO protocol logic
1001c4cb,__updatetlocinfoEx_nolock,undefined __updatetlocinfoEx_nolock(void),raw-c/1001c4cb___updatetlocinfoEx_nolock.c,docs/ggponet/native-runtime-mappings.md,native-runtime-mapped,Native runtime mapping: MSVC CRT/STL/compiler support helper supplied by libc++/libSystem/compiler runtime; no GGPO protocol logic
1001c509,___updatetlocinfo,pthreadlocinfo __cdecl ___updatetlocinfo(void),raw-c/1001c509____updatetlocinfo.c,docs/ggponet/native-runtime-mappings.md,native-runtime-mapped,Native runtime mapping: MSVC CRT/STL/compiler support helper supplied by libc++/libSystem/compiler runtime; no GGPO protocol logic
1001c573,FUN_1001c573,undefined FUN_1001c573(void),raw-c/1001c573_FUN_1001c573.c,docs/ggponet/native-runtime-mappings.md,native-runtime-mapped,Native runtime mapping: final audit helper row directly evidenced as MSVC STL/CRT/compiler/exception/zlib/no-op support in docs/ggponet; native libc++/libSystem/compiler runtime supplies equivalent behavior and no GGPO protocol logic is present
1001c57f,__wctomb_s_l,"errno_t __cdecl __wctomb_s_l(int * _SizeConverted, char * _MbCh, size_t _SizeInBytes, wchar_t _WCh, _locale_t _Locale)",raw-c/1001c57f___wctomb_s_l.c,docs/ggponet/native-runtime-mappings.md,native-runtime-mapped,Native runtime mapping: clearly named MSVC CRT/STL/compiler support helper supplied by libc++/libSystem/compiler runtime; no GGPO protocol logic
1001c6eb,_wctomb_s,"errno_t __cdecl _wctomb_s(int * _SizeConverted, char * _MbCh, rsize_t _SizeInBytes, wchar_t _WCh)",raw-c/1001c6eb__wctomb_s.c,docs/ggponet/native-runtime-mappings.md,native-runtime-mapped,Native runtime mapping: clearly named MSVC CRT/STL/compiler support helper supplied by libc++/libSystem/compiler runtime; no GGPO protocol logic
1001c708,__isleadbyte_l,"int __cdecl __isleadbyte_l(int _C, _locale_t _Locale)",raw-c/1001c708___isleadbyte_l.c,docs/ggponet/native-runtime-mappings.md,native-runtime-mapped,Native runtime mapping: clearly named MSVC CRT/STL/compiler support helper supplied by libc++/libSystem/compiler runtime; no GGPO protocol logic
1001c740,_isleadbyte,int __cdecl _isleadbyte(int _C),raw-c/1001c740__isleadbyte.c,docs/ggponet/native-runtime-mappings.md,native-runtime-mapped,Native runtime mapping: MSVC CRT/STL/compiler support helper supplied by libc++/libSystem/compiler runtime; no GGPO protocol logic
1001c760,__aulldvrm,undefined __aulldvrm(void),raw-c/1001c760___aulldvrm.c,docs/ggponet/native-runtime-mappings.md,native-runtime-mapped,Native runtime mapping: MSVC CRT/STL/compiler support helper supplied by libc++/libSystem/compiler runtime; no GGPO protocol logic
1001c7f5,___crtMessageBoxA,"int __cdecl ___crtMessageBoxA(LPCSTR _LpText, LPCSTR _LpCaption, UINT _UType)",raw-c/1001c7f5____crtMessageBoxA.c,docs/ggponet/native-runtime-mappings.md,native-runtime-mapped,Native runtime mapping: clearly named MSVC CRT/STL/compiler support helper supplied by libc++/libSystem/compiler runtime; no GGPO protocol logic
1001c95e,_strcat_s,"errno_t __cdecl _strcat_s(char * _Dst, rsize_t _SizeInBytes, char * _Src)",raw-c/1001c95e__strcat_s.c,docs/ggponet/native-runtime-mappings.md,native-runtime-mapped,Native runtime mapping: clearly named MSVC CRT/STL/compiler support helper supplied by libc++/libSystem/compiler runtime; no GGPO protocol logic
1001c9d2,_strncpy_s,"errno_t __cdecl _strncpy_s(char * _Dst, rsize_t _SizeInBytes, char * _Src, rsize_t _MaxCount)",raw-c/1001c9d2__strncpy_s.c,docs/ggponet/native-runtime-mappings.md,native-runtime-mapped,Native runtime mapping: clearly named MSVC CRT/STL/compiler support helper supplied by libc++/libSystem/compiler runtime; no GGPO protocol logic
1001ca87,__set_error_mode,int __cdecl __set_error_mode(int _Mode),raw-c/1001ca87___set_error_mode.c,docs/ggponet/native-runtime-mappings.md,native-runtime-mapped,Native runtime mapping: MSVC CRT/STL/compiler support helper supplied by libc++/libSystem/compiler runtime; no GGPO protocol logic
1001cad2,__msize,size_t __cdecl __msize(void * _Memory),raw-c/1001cad2___msize.c,docs/ggponet/native-runtime-mappings.md,native-runtime-mapped,Native runtime mapping: MSVC CRT/STL/compiler support helper supplied by libc++/libSystem/compiler runtime; no GGPO protocol logic
1001cb6c,FUN_1001cb6c,undefined FUN_1001cb6c(void),raw-c/1001cb6c_FUN_1001cb6c.c,docs/ggponet/native-runtime-mappings.md,native-runtime-mapped,Native runtime mapping: final audit helper row directly evidenced as MSVC STL/CRT/compiler/exception/zlib/no-op support in docs/ggponet; native libc++/libSystem/compiler runtime supplies equivalent behavior and no GGPO protocol logic is present
1001cb75,__isdigit_l,"int __cdecl __isdigit_l(int _C, _locale_t _Locale)",raw-c/1001cb75___isdigit_l.c,docs/ggponet/native-runtime-mappings.md,native-runtime-mapped,Native runtime mapping: clearly named MSVC CRT/STL/compiler support helper supplied by libc++/libSystem/compiler runtime; no GGPO protocol logic
1001cbc6,_isdigit,int __cdecl _isdigit(int _C),raw-c/1001cbc6__isdigit.c,docs/ggponet/native-runtime-mappings.md,native-runtime-mapped,Native runtime mapping: MSVC CRT/STL/compiler support helper supplied by libc++/libSystem/compiler runtime; no GGPO protocol logic
1001cbf4,__freea,void __cdecl __freea(void * _Memory),raw-c/1001cbf4___freea.c,docs/ggponet/native-runtime-mappings.md,native-runtime-mapped,Native runtime mapping: MSVC CRT/STL/compiler support helper supplied by libc++/libSystem/compiler runtime; no GGPO protocol logic
1001cc14,__isctype_l,"int __cdecl __isctype_l(int _C, int _Type, _locale_t _Locale)",raw-c/1001cc14___isctype_l.c,docs/ggponet/native-runtime-mappings.md,native-runtime-mapped,Native runtime mapping: clearly named MSVC CRT/STL/compiler support helper supplied by libc++/libSystem/compiler runtime; no GGPO protocol logic
1001cda3,__tsopen_nolock,undefined __tsopen_nolock(void),raw-c/1001cda3___tsopen_nolock.c,docs/ggponet/native-runtime-mappings.md,native-runtime-mapped,Native runtime mapping: MSVC CRT/STL/compiler support helper supplied by libc++/libSystem/compiler runtime; no GGPO protocol logic
1001d4c2,__sopen_helper,"errno_t __cdecl __sopen_helper(char * _Filename, int _OFlag, int _ShFlag, int _PMode, int * _PFileHandle, int _BSecure)",raw-c/1001d4c2___sopen_helper.c,docs/ggponet/native-runtime-mappings.md,native-runtime-mapped,Native runtime mapping: clearly named MSVC CRT/STL/compiler support helper supplied by libc++/libSystem/compiler runtime; no GGPO protocol logic
1001d560,FUN_1001d560,undefined FUN_1001d560(void),raw-c/1001d560_FUN_1001d560.c,docs/ggponet/native-runtime-mappings.md,native-runtime-mapped,Native runtime mapping: directly evidenced MSVC STL/CRT/compiler support helper supplied by libc++/libSystem/compiler runtime; no GGPO protocol logic
1001d58e,__sopen_s,"errno_t __cdecl __sopen_s(int * _FileHandle, char * _Filename, int _OpenFlag, int _ShareFlag, int _PermissionMode)",raw-c/1001d58e___sopen_s.c,docs/ggponet/native-runtime-mappings.md,native-runtime-mapped,Native runtime mapping: clearly named MSVC CRT/STL/compiler support helper supplied by libc++/libSystem/compiler runtime; no GGPO protocol logic
1001d5ae,__mbsnbicmp_l,"int __cdecl __mbsnbicmp_l(uchar * _Str1, uchar * _Str2, size_t _MaxCount, _locale_t _Locale)",raw-c/1001d5ae___mbsnbicmp_l.c,docs/ggponet/native-runtime-mappings.md,native-runtime-mapped,Native runtime mapping: clearly named MSVC CRT/STL/compiler support helper supplied by libc++/libSystem/compiler runtime; no GGPO protocol logic
1001d7d9,__mbsnbicmp,"int __cdecl __mbsnbicmp(uchar * _Str1, uchar * _Str2, size_t _MaxCount)",raw-c/1001d7d9___mbsnbicmp.c,docs/ggponet/native-runtime-mappings.md,native-runtime-mapped,Native runtime mapping: clearly named MSVC CRT/STL/compiler support helper supplied by libc++/libSystem/compiler runtime; no GGPO protocol logic
1001d7f3,__mbsnbcmp_l,"int __cdecl __mbsnbcmp_l(uchar * _Str1, uchar * _Str2, size_t _MaxCount, _locale_t _Locale)",raw-c/1001d7f3___mbsnbcmp_l.c,docs/ggponet/native-runtime-mappings.md,native-runtime-mapped,Native runtime mapping: clearly named MSVC CRT/STL/compiler support helper supplied by libc++/libSystem/compiler runtime; no GGPO protocol logic
1001d95d,__mbsnbcmp,"int __cdecl __mbsnbcmp(uchar * _Str1, uchar * _Str2, size_t _MaxCount)",raw-c/1001d95d___mbsnbcmp.c,docs/ggponet/native-runtime-mappings.md,native-runtime-mapped,Native runtime mapping: clearly named MSVC CRT/STL/compiler support helper supplied by libc++/libSystem/compiler runtime; no GGPO protocol logic
1001d978,__global_unwind2,undefined __global_unwind2(void),raw-c/1001d978___global_unwind2.c,docs/ggponet/native-runtime-mappings.md,native-runtime-mapped,Native runtime mapping: MSVC CRT/STL/compiler support helper supplied by libc++/libSystem/compiler runtime; no GGPO protocol logic
1001d9dd,__local_unwind2,undefined __local_unwind2(void),raw-c/1001d9dd___local_unwind2.c,docs/ggponet/native-runtime-mappings.md,native-runtime-mapped,Native runtime mapping: MSVC CRT/STL/compiler support helper supplied by libc++/libSystem/compiler runtime; no GGPO protocol logic
1001da84,__NLG_Notify1,undefined __NLG_Notify1(void),raw-c/1001da84___NLG_Notify1.c,docs/ggponet/native-runtime-mappings.md,native-runtime-mapped,Native runtime mapping: MSVC CRT/STL/compiler support helper supplied by libc++/libSystem/compiler runtime; no GGPO protocol logic
1001da8d,__NLG_Notify,void __stdcall __NLG_Notify(ulong param_1),raw-c/1001da8d___NLG_Notify.c,docs/ggponet/native-runtime-mappings.md,native-runtime-mapped,Native runtime mapping: MSVC CRT/STL/compiler support helper supplied by libc++/libSystem/compiler runtime; no GGPO protocol logic
1001daac,FUN_1001daac,undefined FUN_1001daac(void),raw-c/1001daac_FUN_1001daac.c,docs/ggponet/native-runtime-mappings.md,native-runtime-mapped,Native runtime mapping: directly evidenced MSVC STL/CRT/compiler support helper supplied by libc++/libSystem/compiler runtime; no GGPO protocol logic
1001daaf,__set_osfhnd,"int __cdecl __set_osfhnd(int param_1, intptr_t param_2)",raw-c/1001daaf___set_osfhnd.c,docs/ggponet/native-runtime-mappings.md,native-runtime-mapped,Native runtime mapping: clearly named MSVC CRT/STL/compiler support helper supplied by libc++/libSystem/compiler runtime; no GGPO protocol logic
1001db30,__free_osfhnd,int __cdecl __free_osfhnd(int param_1),raw-c/1001db30___free_osfhnd.c,docs/ggponet/native-runtime-mappings.md,native-runtime-mapped,Native runtime mapping: MSVC CRT/STL/compiler support helper supplied by libc++/libSystem/compiler runtime; no GGPO protocol logic
1001dbb6,__get_osfhandle,intptr_t __cdecl __get_osfhandle(int _FileHandle),raw-c/1001dbb6___get_osfhandle.c,docs/ggponet/native-runtime-mappings.md,native-runtime-mapped,Native runtime mapping: MSVC CRT/STL/compiler support helper supplied by libc++/libSystem/compiler runtime; no GGPO protocol logic
1001dc2d,___lock_fhandle,int __cdecl ___lock_fhandle(int _Filehandle),raw-c/1001dc2d____lock_fhandle.c,docs/ggponet/native-runtime-mappings.md,native-runtime-mapped,Native runtime mapping: MSVC CRT/STL/compiler support helper supplied by libc++/libSystem/compiler runtime; no GGPO protocol logic
1001dcc4,FUN_1001dcc4,undefined FUN_1001dcc4(void),raw-c/1001dcc4_FUN_1001dcc4.c,docs/ggponet/native-runtime-mappings.md,native-runtime-mapped,Native runtime mapping: directly evidenced MSVC STL/CRT/compiler support helper supplied by libc++/libSystem/compiler runtime; no GGPO protocol logic
1001dccd,__unlock_fhandle,void __cdecl __unlock_fhandle(int _Filehandle),raw-c/1001dccd___unlock_fhandle.c,docs/ggponet/native-runtime-mappings.md,native-runtime-mapped,Native runtime mapping: MSVC CRT/STL/compiler support helper supplied by libc++/libSystem/compiler runtime; no GGPO protocol logic
1001dcf4,__alloc_osfhnd,int __cdecl __alloc_osfhnd(void),raw-c/1001dcf4___alloc_osfhnd.c,docs/ggponet/native-runtime-mappings.md,native-runtime-mapped,Native runtime mapping: MSVC CRT/STL/compiler support helper supplied by libc++/libSystem/compiler runtime; no GGPO protocol logic
1001ddc7,FUN_1001ddc7,undefined FUN_1001ddc7(void),raw-c/1001ddc7_FUN_1001ddc7.c,docs/ggponet/native-runtime-mappings.md,native-runtime-mapped,Native runtime mapping: final audit helper row directly evidenced as MSVC STL/CRT/compiler/exception/zlib/no-op support in docs/ggponet; native libc++/libSystem/compiler runtime supplies equivalent behavior and no GGPO protocol logic is present
1001de85,FUN_1001de85,undefined FUN_1001de85(void),raw-c/1001de85_FUN_1001de85.c,docs/ggponet/native-runtime-mappings.md,native-runtime-mapped,Native runtime mapping: final audit helper row directly evidenced as MSVC STL/CRT/compiler/exception/zlib/no-op support in docs/ggponet; native libc++/libSystem/compiler runtime supplies equivalent behavior and no GGPO protocol logic is present
1001de97,strncnt,"int __cdecl strncnt(char * param_1, int param_2)",raw-c/1001de97_strncnt.c,docs/ggponet/native-runtime-mappings.md,native-runtime-mapped,Native runtime mapping: clearly named MSVC CRT/STL/compiler support helper supplied by libc++/libSystem/compiler runtime; no GGPO protocol logic
1001deb5,__crtCompareStringA_stat,"int __cdecl __crtCompareStringA_stat(localeinfo_struct * param_1, ulong param_2, ulong param_3, char * param_4, int param_5, char * param_6, int param_7, int param_8)",raw-c/1001deb5___crtCompareStringA_stat.c,docs/ggponet/native-runtime-mappings.md,native-runtime-mapped,Native runtime mapping: clearly named MSVC CRT/STL/compiler support helper supplied by libc++/libSystem/compiler runtime; no GGPO protocol logic
1001e225,___crtCompareStringA,"int __cdecl ___crtCompareStringA(_locale_t _Plocinfo, LPCWSTR _LocaleName, DWORD _DwCmpFlags, LPCSTR _LpString1, int _CchCount1, LPCSTR _LpString2, int _CchCount2, int _Code_page)",raw-c/1001e225____crtCompareStringA.c,docs/ggponet/native-runtime-mappings.md,native-runtime-mapped,Native runtime mapping: clearly named MSVC CRT/STL/compiler support helper supplied by libc++/libSystem/compiler runtime; no GGPO protocol logic
1001e267,__strnicoll_l,"int __cdecl __strnicoll_l(char * _Str1, char * _Str2, size_t _MaxCount, _locale_t _Locale)",raw-c/1001e267___strnicoll_l.c,docs/ggponet/native-runtime-mappings.md,native-runtime-mapped,Native runtime mapping: clearly named MSVC CRT/STL/compiler support helper supplied by libc++/libSystem/compiler runtime; no GGPO protocol logic
1001e361,findenv,undefined __cdecl findenv(void),raw-c/1001e361_findenv.c,docs/ggponet/native-runtime-mappings.md,native-runtime-mapped,Native runtime mapping: directly evidenced MSVC STL/CRT/compiler support helper supplied by libc++/libSystem/compiler runtime; no GGPO protocol logic
1001e3b3,copy_environ,undefined __cdecl copy_environ(void),raw-c/1001e3b3_copy_environ.c,docs/ggponet/native-runtime-mappings.md,native-runtime-mapped,Native runtime mapping: directly evidenced MSVC STL/CRT/compiler support helper supplied by libc++/libSystem/compiler runtime; no GGPO protocol logic
1001e40d,___crtsetenv,"int __cdecl ___crtsetenv(char * * _POption, int _Primary)",raw-c/1001e40d____crtsetenv.c,docs/ggponet/native-runtime-mappings.md,native-runtime-mapped,Native runtime mapping: clearly named MSVC CRT/STL/compiler support helper supplied by libc++/libSystem/compiler runtime; no GGPO protocol logic
1001e658,__putwch_nolock,wint_t __cdecl __putwch_nolock(wchar_t _WCh),raw-c/1001e658___putwch_nolock.c,docs/ggponet/native-runtime-mappings.md,native-runtime-mapped,Native runtime mapping: MSVC CRT/STL/compiler support helper supplied by libc++/libSystem/compiler runtime; no GGPO protocol logic
1001e71d,__mbtowc_l,"int __cdecl __mbtowc_l(wchar_t * _DstCh, char * _SrcCh, size_t _SrcSizeInBytes, _locale_t _Locale)",raw-c/1001e71d___mbtowc_l.c,docs/ggponet/native-runtime-mappings.md,native-runtime-mapped,Native runtime mapping: clearly named MSVC CRT/STL/compiler support helper supplied by libc++/libSystem/compiler runtime; no GGPO protocol logic
1001e834,_mbtowc,"int __cdecl _mbtowc(wchar_t * _DstCh, char * _SrcCh, size_t _SrcSizeInBytes)",raw-c/1001e834__mbtowc.c,docs/ggponet/native-runtime-mappings.md,native-runtime-mapped,Native runtime mapping: clearly named MSVC CRT/STL/compiler support helper supplied by libc++/libSystem/compiler runtime; no GGPO protocol logic
1001e850,__alloca_probe,undefined __alloca_probe(void),raw-c/1001e850___alloca_probe.c,docs/ggponet/native-runtime-mappings.md,native-runtime-mapped,Native runtime mapping: MSVC CRT/STL/compiler support helper supplied by libc++/libSystem/compiler runtime; no GGPO protocol logic
1001e87b,__recalloc,"void * __cdecl __recalloc(void * _Memory, size_t _Count, size_t _Size)",raw-c/1001e87b___recalloc.c,docs/ggponet/native-runtime-mappings.md,native-runtime-mapped,Native runtime mapping: clearly named MSVC CRT/STL/compiler support helper supplied by libc++/libSystem/compiler runtime; no GGPO protocol logic
1001e8f6,x_ismbbtype_l,"int __cdecl x_ismbbtype_l(localeinfo_struct * param_1, uint param_2, int param_3, int param_4)",raw-c/1001e8f6_x_ismbbtype_l.c,docs/ggponet/native-runtime-mappings.md,native-runtime-mapped,Native runtime mapping: clearly named MSVC CRT/STL/compiler support helper supplied by libc++/libSystem/compiler runtime; no GGPO protocol logic
1001e949,__ismbblead,int __cdecl __ismbblead(uint _C),raw-c/1001e949___ismbblead.c,docs/ggponet/native-runtime-mappings.md,native-runtime-mapped,Native runtime mapping: MSVC CRT/STL/compiler support helper supplied by libc++/libSystem/compiler runtime; no GGPO protocol logic
1001e961,_ValidateRead,"int __cdecl _ValidateRead(void * param_1, uint param_2)",raw-c/1001e961__ValidateRead.c,docs/ggponet/native-runtime-mappings.md,native-runtime-mapped,Native runtime mapping: clearly named MSVC CRT/STL/compiler support helper supplied by libc++/libSystem/compiler runtime; no GGPO protocol logic
1001e973,__crtLCMapStringA_stat,"int __cdecl __crtLCMapStringA_stat(localeinfo_struct * param_1, ulong param_2, ulong param_3, char * param_4, int param_5, char * param_6, int param_7, int param_8, int param_9)",raw-c/1001e973___crtLCMapStringA_stat.c,docs/ggponet/native-runtime-mappings.md,native-runtime-mapped,Native runtime mapping: clearly named MSVC CRT/STL/compiler support helper supplied by libc++/libSystem/compiler runtime; no GGPO protocol logic
1001ed18,___crtLCMapStringA,"int __cdecl ___crtLCMapStringA(_locale_t _Plocinfo, LPCWSTR _LocaleName, DWORD _DwMapFlag, LPCSTR _LpSrcStr, int _CchSrc, LPSTR _LpDestStr, int _CchDest, int _Code_page, BOOL _BError)",raw-c/1001ed18____crtLCMapStringA.c,docs/ggponet/native-runtime-mappings.md,native-runtime-mapped,Native runtime mapping: clearly named MSVC CRT/STL/compiler support helper supplied by libc++/libSystem/compiler runtime; no GGPO protocol logic
1001ed5d,__crtGetStringTypeA_stat,"int __cdecl __crtGetStringTypeA_stat(localeinfo_struct * param_1, ulong param_2, char * param_3, int param_4, ushort * param_5, int param_6, int param_7, int param_8)",raw-c/1001ed5d___crtGetStringTypeA_stat.c,docs/ggponet/native-runtime-mappings.md,native-runtime-mapped,Native runtime mapping: clearly named MSVC CRT/STL/compiler support helper supplied by libc++/libSystem/compiler runtime; no GGPO protocol logic
1001ef17,___crtGetStringTypeA,"BOOL __cdecl ___crtGetStringTypeA(_locale_t _Plocinfo, DWORD _DWInfoType, LPCSTR _LpSrcStr, int _CchSrc, LPWORD _LpCharType, int _Code_page, BOOL _BError)",raw-c/1001ef17____crtGetStringTypeA.c,docs/ggponet/native-runtime-mappings.md,native-runtime-mapped,Native runtime mapping: clearly named MSVC CRT/STL/compiler support helper supplied by libc++/libSystem/compiler runtime; no GGPO protocol logic
1001ef59,___free_lc_time,undefined ___free_lc_time(void),raw-c/1001ef59____free_lc_time.c,docs/ggponet/native-runtime-mappings.md,native-runtime-mapped,Native runtime mapping: MSVC CRT/STL/compiler support helper supplied by libc++/libSystem/compiler runtime; no GGPO protocol logic
1001f0ee,___free_lconv_num,undefined ___free_lconv_num(void),raw-c/1001f0ee____free_lconv_num.c,docs/ggponet/native-runtime-mappings.md,native-runtime-mapped,Native runtime mapping: MSVC CRT/STL/compiler support helper supplied by libc++/libSystem/compiler runtime; no GGPO protocol logic
1001f133,___free_lconv_mon,undefined ___free_lconv_mon(void),raw-c/1001f133____free_lconv_mon.c,docs/ggponet/native-runtime-mappings.md,native-runtime-mapped,Native runtime mapping: MSVC CRT/STL/compiler support helper supplied by libc++/libSystem/compiler runtime; no GGPO protocol logic
1001f1d0,_strcspn,"size_t __cdecl _strcspn(char * _Str, char * _Control)",raw-c/1001f1d0__strcspn.c,docs/ggponet/native-runtime-mappings.md,native-runtime-mapped,Native runtime mapping: clearly named MSVC CRT/STL/compiler support helper supplied by libc++/libSystem/compiler runtime; no GGPO protocol logic
1001f216,_strncmp,"int __cdecl _strncmp(char * _Str1, char * _Str2, size_t _MaxCount)",raw-c/1001f216__strncmp.c,docs/ggponet/native-runtime-mappings.md,native-runtime-mapped,Native runtime mapping: clearly named MSVC CRT/STL/compiler support helper supplied by libc++/libSystem/compiler runtime; no GGPO protocol logic
1001f2e0,_strpbrk,"char * __cdecl _strpbrk(char * _Str, char * _Control)",raw-c/1001f2e0__strpbrk.c,docs/ggponet/native-runtime-mappings.md,native-runtime-mapped,Native runtime mapping: clearly named MSVC CRT/STL/compiler support helper supplied by libc++/libSystem/compiler runtime; no GGPO protocol logic
1001f320,__alloca_probe_16,undefined __alloca_probe_16(void),raw-c/1001f320___alloca_probe_16.c,docs/ggponet/native-runtime-mappings.md,native-runtime-mapped,Native runtime mapping: MSVC CRT/STL/compiler support helper supplied by libc++/libSystem/compiler runtime; no GGPO protocol logic
1001f336,__alloca_probe_8,undefined __alloca_probe_8(void),raw-c/1001f336___alloca_probe_8.c,docs/ggponet/native-runtime-mappings.md,native-runtime-mapped,Native runtime mapping: MSVC CRT/STL/compiler support helper supplied by libc++/libSystem/compiler runtime; no GGPO protocol logic
1001f34c,__chsize_nolock,"int __cdecl __chsize_nolock(int _FileHandle, longlong _Size)",raw-c/1001f34c___chsize_nolock.c,docs/ggponet/native-runtime-mappings.md,native-runtime-mapped,Native runtime mapping: clearly named MSVC CRT/STL/compiler support helper supplied by libc++/libSystem/compiler runtime; no GGPO protocol logic
1001f502,__lseek_nolock,"long __cdecl __lseek_nolock(int _FileHandle, long _Offset, int _Origin)",raw-c/1001f502___lseek_nolock.c,docs/ggponet/native-runtime-mappings.md,native-runtime-mapped,Native runtime mapping: clearly named MSVC CRT/STL/compiler support helper supplied by libc++/libSystem/compiler runtime; no GGPO protocol logic
1001f577,__setmode_nolock,"int __cdecl __setmode_nolock(int _FileHandle, int _Mode)",raw-c/1001f577___setmode_nolock.c,docs/ggponet/native-runtime-mappings.md,native-runtime-mapped,Native runtime mapping: clearly named MSVC CRT/STL/compiler support helper supplied by libc++/libSystem/compiler runtime; no GGPO protocol logic
1001f633,__get_fmode,errno_t __cdecl __get_fmode(int * _PMode),raw-c/1001f633___get_fmode.c,docs/ggponet/native-runtime-mappings.md,native-runtime-mapped,Native runtime mapping: MSVC CRT/STL/compiler support helper supplied by libc++/libSystem/compiler runtime; no GGPO protocol logic
1001f66c,__strnicmp_l,"int __cdecl __strnicmp_l(char * _Str1, char * _Str2, size_t _MaxCount, _locale_t _Locale)",raw-c/1001f66c___strnicmp_l.c,docs/ggponet/native-runtime-mappings.md,native-runtime-mapped,Native runtime mapping: clearly named MSVC CRT/STL/compiler support helper supplied by libc++/libSystem/compiler runtime; no GGPO protocol logic
1001f75e,__strnicmp,"int __cdecl __strnicmp(char * _Str1, char * _Str2, size_t _MaxCount)",raw-c/1001f75e___strnicmp.c,docs/ggponet/native-runtime-mappings.md,native-runtime-mapped,Native runtime mapping: clearly named MSVC CRT/STL/compiler support helper supplied by libc++/libSystem/compiler runtime; no GGPO protocol logic
1001f7bc,___ansicp,undefined ___ansicp(void),raw-c/1001f7bc____ansicp.c,docs/ggponet/native-runtime-mappings.md,native-runtime-mapped,Native runtime mapping: MSVC CRT/STL/compiler support helper supplied by libc++/libSystem/compiler runtime; no GGPO protocol logic
1001f805,___convertcp,undefined ___convertcp(void),raw-c/1001f805____convertcp.c,docs/ggponet/native-runtime-mappings.md,native-runtime-mapped,Native runtime mapping: MSVC CRT/STL/compiler support helper supplied by libc++/libSystem/compiler runtime; no GGPO protocol logic
1001f9b9,__strdup,char * __cdecl __strdup(char * _Src),raw-c/1001f9b9___strdup.c,docs/ggponet/native-runtime-mappings.md,native-runtime-mapped,Native runtime mapping: MSVC CRT/STL/compiler support helper supplied by libc++/libSystem/compiler runtime; no GGPO protocol logic
1001fa0e,__mbschr_l,"uchar * __cdecl __mbschr_l(uchar * _Str, uint _Ch, _locale_t _Locale)",raw-c/1001fa0e___mbschr_l.c,docs/ggponet/native-runtime-mappings.md,native-runtime-mapped,Native runtime mapping: clearly named MSVC CRT/STL/compiler support helper supplied by libc++/libSystem/compiler runtime; no GGPO protocol logic
1001faca,__mbschr,"uchar * __cdecl __mbschr(uchar * _Str, uint _Ch)",raw-c/1001faca___mbschr.c,docs/ggponet/native-runtime-mappings.md,native-runtime-mapped,Native runtime mapping: clearly named MSVC CRT/STL/compiler support helper supplied by libc++/libSystem/compiler runtime; no GGPO protocol logic
1001fae1,___initconout,void __cdecl ___initconout(void),raw-c/1001fae1____initconout.c,docs/ggponet/native-runtime-mappings.md,native-runtime-mapped,Native runtime mapping: MSVC CRT/STL/compiler support helper supplied by libc++/libSystem/compiler runtime; no GGPO protocol logic
1001fb2d,__tolower_l,"int __cdecl __tolower_l(int _C, _locale_t _Locale)",raw-c/1001fb2d___tolower_l.c,docs/ggponet/native-runtime-mappings.md,native-runtime-mapped,Native runtime mapping: clearly named MSVC CRT/STL/compiler support helper supplied by libc++/libSystem/compiler runtime; no GGPO protocol logic
1001fc42,_tolower,int __cdecl _tolower(int _C),raw-c/1001fc42__tolower.c,docs/ggponet/native-runtime-mappings.md,native-runtime-mapped,Native runtime mapping: MSVC CRT/STL/compiler support helper supplied by libc++/libSystem/compiler runtime; no GGPO protocol logic
1001fc70,___ascii_strnicmp,"int __cdecl ___ascii_strnicmp(char * _Str1, char * _Str2, size_t _MaxCount)",raw-c/1001fc70____ascii_strnicmp.c,docs/ggponet/native-runtime-mappings.md,native-runtime-mapped,Native runtime mapping: clearly named MSVC CRT/STL/compiler support helper supplied by libc++/libSystem/compiler runtime; no GGPO protocol logic
1001fcd2,KERNEL32.DLL::RtlUnwind,"void __stdcall RtlUnwind(PVOID TargetFrame, PVOID TargetIp, PEXCEPTION_RECORD ExceptionRecord, PVOID ReturnValue)",raw-c/1001fcd2_KERNEL32.DLL_RtlUnwind.c,docs/ggponet/native-runtime-mappings.md,native-runtime-mapped,Native runtime mapping: directly evidenced MSVC STL/CRT/compiler support helper supplied by libc++/libSystem/compiler runtime; no GGPO protocol logic
1001fce0,FUN_1001fce0,undefined FUN_1001fce0(void),raw-c/1001fce0_FUN_1001fce0.c,Sources/FightcadeFBNeo/src/dep/ggponet-native/src/sync_core.cpp,native_converted,Native Sync previous saved-state ring entry lookup
1001fd20,FUN_1001fd20,undefined FUN_1001fd20(void),raw-c/1001fd20_FUN_1001fd20.c,Sources/FightcadeFBNeo/src/dep/ggponet-native/src/sync_core.cpp,native_converted,Native Sync saved-state frame lookup with assert failure
1001fe30,FUN_1001fe30,undefined FUN_1001fe30(void),raw-c/1001fe30_FUN_1001fe30.c,Sources/FightcadeFBNeo/src/dep/ggponet-native/src/sync_core.cpp,native_converted,Native Sync save-current-frame ring operation
1001fef0,FUN_1001fef0,undefined FUN_1001fef0(void),raw-c/1001fef0_FUN_1001fef0.c,Sources/FightcadeFBNeo/src/dep/ggponet-native/src/sync_core.cpp,native_converted,Native Sync load-frame ring operation
10020080,FUN_10020080,undefined FUN_10020080(void),raw-c/10020080_FUN_10020080.c,Sources/FightcadeFBNeo/src/dep/ggponet-native/src/sync_core.cpp,native_converted,"Rollback catch-up: load seek frame, call advance_frame count times, verify framecount"
100202e0,FUN_100202e0,undefined FUN_100202e0(void),raw-c/100202e0_FUN_100202e0.c,Sources/FightcadeFBNeo/src/dep/ggponet-native/src/sync_core.cpp,native_converted,Native Sync advance-frame: save state then increment frame
10020310,FUN_10020310,undefined FUN_10020310(void),raw-c/10020310_FUN_10020310.c,Sources/FightcadeFBNeo/src/dep/ggponet-native/src/sync_core.cpp,native_converted,Sync saved-state buffer and size lookup by frame
10020350,FUN_10020350,undefined FUN_10020350(void),raw-c/10020350_FUN_10020350.c,Sources/FightcadeFBNeo/src/dep/ggponet-native/src/sync_core.cpp,native_converted,"Native Sync init with callbacks, initial frame delay, and prediction window args"
100203b0,FUN_100203b0,undefined FUN_100203b0(void),raw-c/100203b0_FUN_100203b0.c,Sources/FightcadeFBNeo/src/dep/ggponet-native/src/sync_core.cpp,native_converted,Native Sync destructor path destroys Prediction queues
100203d0,FUN_100203d0,undefined FUN_100203d0(void),raw-c/100203d0_FUN_100203d0.c,Sources/FightcadeFBNeo/src/dep/ggponet-native/src/sync_core.cpp,native_converted,"Native Sync constructor initializes Prediction, framecount, saved-state ring"
10020420,FUN_10020420,undefined FUN_10020420(void),raw-c/10020420_FUN_10020420.c,Sources/FightcadeFBNeo/src/dep/ggponet-native/src/sync_core.cpp,native_converted,CheckSimulation wrapper: delegates to Prediction then catches up on mismatch
10020460,FUN_10020460,undefined FUN_10020460(void),raw-c/10020460_FUN_10020460.c,Sources/FightcadeFBNeo/src/dep/ggponet-native/src/sync_core.cpp,native_converted,Remote input wrapper into Prediction
10020480,FUN_10020480,undefined FUN_10020480(void),raw-c/10020480_FUN_10020480.c,Sources/FightcadeFBNeo/src/dep/ggponet-native/src/sync_core.cpp,native_converted,Local input wrapper sets current frame and delegates to Prediction gate
100204f0,FUN_100204f0,undefined FUN_100204f0(void),raw-c/100204f0_FUN_100204f0.c,Sources/FightcadeFBNeo/src/dep/ggponet-native/src/sync_core.cpp,native_converted,GetInput wrapper for current Sync frame
10020520,FUN_10020520,undefined FUN_10020520(void),raw-c/10020520_FUN_10020520.c,Sources/FightcadeFBNeo/src/dep/ggponet-native/src/sync_core.cpp,native_converted,Prediction saved count stats read
10020550,FUN_10020550,undefined FUN_10020550(void),raw-c/10020550_FUN_10020550.c,Sources/FightcadeFBNeo/src/dep/ggponet-native/src/prediction.cpp,native_converted,Prediction frame-delay setter: writes +0x08
10020570,FUN_10020570,undefined FUN_10020570(void),raw-c/10020570_FUN_10020570.c,Sources/FightcadeFBNeo/src/dep/ggponet-native/src/prediction.cpp,native_converted,Ready-for-local-input gate: predict queue size < max_prediction_frames - 1
100205a0,FUN_100205a0,undefined FUN_100205a0(void),raw-c/100205a0_FUN_100205a0.c,Sources/FightcadeFBNeo/src/dep/ggponet-native/src/prediction.cpp,native_converted,"Prediction init: frame delay, max prediction frames, next expected frame, last remote input"
100205f0,FUN_100205f0,undefined FUN_100205f0(void),raw-c/100205f0_FUN_100205f0.c,Sources/FightcadeFBNeo/src/dep/ggponet-native/src/prediction.cpp,native_converted,Confirmed-event queue pop from Prediction +0xc4
10020650,FUN_10020650,undefined FUN_10020650(void),raw-c/10020650_FUN_10020650.c,Sources/FightcadeFBNeo/src/dep/ggponet-native/src/prediction.cpp,native_converted,"Prediction teardown clears confirmed, sync, predict, game, remote, and local queues"
100206b0,FUN_100206b0,undefined FUN_100206b0(void),raw-c/100206b0_FUN_100206b0.c,Sources/FightcadeFBNeo/src/dep/ggponet-native/src/prediction.cpp,native_converted,Push confirmed PredictionEvent type 0 into queue at +0xc4
10020700,FUN_10020700,undefined FUN_10020700(void),raw-c/10020700_FUN_10020700.c,Sources/FightcadeFBNeo/src/dep/ggponet-native/src/prediction.cpp,native_converted,Prediction check compares actual remote input against predicted last-remote bits and queues confirmed frames
100208a0,FUN_100208a0,undefined FUN_100208a0(void),raw-c/100208a0_FUN_100208a0.c,Sources/FightcadeFBNeo/src/dep/ggponet-native/src/prediction.cpp,native_converted,"Prediction queue construction for local, remote, game, predict, sync, and confirmed-event queues"
10020940,FUN_10020940,undefined FUN_10020940(void),raw-c/10020940_FUN_10020940.c,Sources/FightcadeFBNeo/src/dep/ggponet-native/src/prediction.cpp,native_converted,"Prediction rebase after mismatch: consumes remote inputs, rebuilds sync queue, and queues corrected events"
10020eb0,FUN_10020eb0,undefined FUN_10020eb0(void),raw-c/10020eb0_FUN_10020eb0.c,Sources/FightcadeFBNeo/src/dep/ggponet-native/src/prediction.cpp,native_converted,MovePredictionForward: merges local and remote/last-remote inputs into GameQueue and PredictQueue
10021290,FUN_10021290,undefined FUN_10021290(void),raw-c/10021290_FUN_10021290.c,Sources/FightcadeFBNeo/src/dep/ggponet-native/src/prediction.cpp,native_converted,Add remote input with first-frame generated-input workaround
10021340,FUN_10021340,undefined FUN_10021340(void),raw-c/10021340_FUN_10021340.c,Sources/FightcadeFBNeo/src/dep/ggponet-native/src/prediction.cpp,native_converted,"Add local input with frame delay, first-frame clear, padding, and next-frame assertion"
10021660,FUN_10021660,undefined FUN_10021660(void),raw-c/10021660_FUN_10021660.c,Sources/FightcadeFBNeo/src/dep/ggponet-native/src/prediction.cpp,native_converted,"CheckSimulation: saves remote/predict counts, checks predictions, rebases on mismatch"
10021870,FUN_10021870,undefined FUN_10021870(void),raw-c/10021870_FUN_10021870.c,Sources/FightcadeFBNeo/src/dep/ggponet-native/src/prediction.cpp,native_converted,"GetInput: prefers SyncQueue, otherwise advances GameQueue and validates requested frame"
10021b30,ggpo_close_session,undefined ggpo_close_session(void),raw-c/10021b30_ggpo_close_session.c,Sources/FightcadeFBNeo/src/dep/ggponet-native/src/exports.cpp,native_converted,Exact wrapper: calls free via FUN_100117f8 evidence
10021b50,ggpo_get_stats,undefined ggpo_get_stats(void),raw-c/10021b50_ggpo_get_stats.c,Sources/FightcadeFBNeo/src/dep/ggponet-native/src/exports.cpp,native_converted,Exact vtable dispatch offset 0x10 with null false
10021b80,ggpo_client_chat,undefined ggpo_client_chat(void),raw-c/10021b80_ggpo_client_chat.c,Sources/FightcadeFBNeo/src/dep/ggponet-native/src/exports.cpp,native_converted,Exact vtable dispatch offset 0x0c with null false
10021bb0,ggpo_advance_frame,undefined ggpo_advance_frame(void),raw-c/10021bb0_ggpo_advance_frame.c,Sources/FightcadeFBNeo/src/dep/ggponet-native/src/exports.cpp,native_converted,Exact vtable dispatch offset 0x08 with null false
10021be0,ggpo_synchronize_input,undefined ggpo_synchronize_input(void),raw-c/10021be0_ggpo_synchronize_input.c,Sources/FightcadeFBNeo/src/dep/ggponet-native/src/exports.cpp,native_converted,Exact vtable dispatch offset 0x04 with null false
10021c20,ggpo_idle,undefined ggpo_idle(void),raw-c/10021c20_ggpo_idle.c,Sources/FightcadeFBNeo/src/dep/ggponet-native/src/exports.cpp,native_converted,Exact vtable dispatch offset 0x00 with null false
10021c50,ggpo_set_frame_delay,undefined ggpo_set_frame_delay(void),raw-c/10021c50_ggpo_set_frame_delay.c,Sources/FightcadeFBNeo/src/dep/ggponet-native/src/exports.cpp,native_converted,Exact vtable dispatch offset 0x1c with null false
10021c80,ggpo_client_set_game_event,undefined ggpo_client_set_game_event(void),raw-c/10021c80_ggpo_client_set_game_event.c,Sources/FightcadeFBNeo/src/dep/ggponet-native/src/exports.cpp,native_converted,Exact vtable dispatch offset 0x14; no null guard in DLL
10021ca0,ggpo_logv,undefined ggpo_logv(void),raw-c/10021ca0_ggpo_logv.c,Sources/FightcadeFBNeo/src/dep/ggponet-native/src/exports.cpp,native_converted,Exact vtable dispatch offset 0x18 when session non-null
10021cc0,ggpo_log,undefined ggpo_log(void),raw-c/10021cc0_ggpo_log.c,Sources/FightcadeFBNeo/src/dep/ggponet-native/src/exports.cpp,native_converted,Exact va_list wrapper over ggpo_logv
10021cf0,FUN_10021cf0,undefined FUN_10021cf0(void),raw-c/10021cf0_FUN_10021cf0.c,docs/ggponet/native-runtime-mappings.md,native-runtime-mapped,Native runtime mapping: DLL process attach timing/CRT initialization hook supplied by native Mach-O process runtime
10021d10,ggpo_start_replay,undefined ggpo_start_replay(void),raw-c/10021d10_ggpo_start_replay.c,Sources/FightcadeFBNeo/src/dep/ggponet-native/src/exports.cpp,native_converted,Native replay export wrapper allocates and constructs ReplayBackend
10021d60,ggpo_start_streaming,undefined ggpo_start_streaming(void),raw-c/10021d60_ggpo_start_streaming.c,Sources/FightcadeFBNeo/src/dep/ggponet-native/src/exports.cpp,native_converted,Export creates native SpectatorBackend session
10021db0,ggpo_start_synctest,undefined ggpo_start_synctest(void),raw-c/10021db0_ggpo_start_synctest.c,Sources/FightcadeFBNeo/src/dep/ggponet-native/src/exports.cpp,native_converted,Native SyncTest export wrapper allocates and constructs SyncTestBackend
10021e00,ggpo_client_connect,undefined ggpo_client_connect(void),raw-c/10021e00_ggpo_client_connect.c,Sources/FightcadeFBNeo/src/dep/ggponet-native/src/exports.cpp; Sources/FightcadeFBNeo/src/dep/ggponet-native/src/client_backend.cpp; docs/ggponet/peer-backend-map.md,native_converted,ggpo_client_connect export wired to native GGPOBackend constructor path with null allocation behavior
10021e50,ggpo_start_session,undefined ggpo_start_session(void),raw-c/10021e50_ggpo_start_session.c,Sources/FightcadeFBNeo/src/dep/ggponet-native/src/exports.cpp; Sources/FightcadeFBNeo/src/dep/ggponet-native/src/peer_backend.cpp,native_converted,"Direct ggpo_start_session export: allocate/construct native peer session, start remote peer, return session"
10021ec0,FUN_10021ec0,undefined FUN_10021ec0(void),raw-c/10021ec0_FUN_10021ec0.c,Sources/FightcadeFBNeo/src/dep/ggponet-native/src/logging.cpp; docs/ggponet/native-runtime-mappings.md,native_converted,"Quark log sink: optional timestamps, formatted file write, flush, and native debug/file behavior"
10021f70,FUN_10021f70,undefined FUN_10021f70(void),raw-c/10021f70_FUN_10021f70.c,Sources/FightcadeFBNeo/src/dep/ggponet-native/src/logging.cpp; docs/ggponet/native-runtime-mappings.md,native_converted,Quark log gate: quark.log/quark.log.ignore environment handling and lazy log file creation
10021ff0,FUN_10021ff0,undefined FUN_10021ff0(void),raw-c/10021ff0_FUN_10021ff0.c,Sources/FightcadeFBNeo/src/dep/ggponet-native/src/logging.cpp; docs/ggponet/native-runtime-mappings.md,native_converted,Variadic quark log wrapper delegates to native quark_logv
10022020,FUN_10022020,undefined FUN_10022020(void),raw-c/10022020_FUN_10022020.c,Sources/FightcadeFBNeo/src/dep/ggponet-native/src/game_input.cpp,native_converted,"Native GameInput equality compare with optional frame ignore, size/assert checks, and mismatch logging"
100221f0,FUN_100221f0,undefined FUN_100221f0(void),raw-c/100221f0_FUN_100221f0.c,Sources/FightcadeFBNeo/src/dep/ggponet-native/src/game_input.cpp,native_converted,Native GameInput bitwise OR merge over active size
10022310,FUN_10022310,undefined FUN_10022310(void),raw-c/10022310_FUN_10022310.c,Sources/FightcadeFBNeo/src/dep/ggponet-native/src/game_input.cpp,native_converted,"Exact GameInput construction: frame, size, zero 18 bytes, copy payload, assert invalid size"
100224a0,FUN_100224a0,undefined FUN_100224a0(void),raw-c/100224a0_FUN_100224a0.c,Sources/FightcadeFBNeo/src/dep/ggponet-native/src/game_input.cpp,native_converted,Native local-player GameInput construction with per-player offset and 2-player size cap
100226c0,FUN_100226c0,undefined FUN_100226c0(void),raw-c/100226c0_FUN_100226c0.c,Sources/FightcadeFBNeo/src/dep/ggponet-native/src/game_input.cpp,native_converted,Native GameInput text formatter with frame/size and set bit positions
10022860,FUN_10022860,undefined FUN_10022860(void),raw-c/10022860_FUN_10022860.c,Sources/FightcadeFBNeo/src/dep/ggponet-native/src/game_input.cpp,native_converted,Native GameInput prefixed debug log: prefix + formatted input + newline
100228f0,FUN_100228f0,undefined FUN_100228f0(void),raw-c/100228f0_FUN_100228f0.c,Sources/FightcadeFBNeo/src/dep/ggponet-native/src/udp_protocol.cpp; Sources/FightcadeFBNeo/src/dep/ggponet-native/src/udp_protocol_compressed.cpp,native_converted,Bitvector read bit used by UDP compressed input decode/logging
10022950,FUN_10022950,undefined FUN_10022950(void),raw-c/10022950_FUN_10022950.c,Sources/FightcadeFBNeo/src/dep/ggponet-native/src/udp_protocol.cpp; Sources/FightcadeFBNeo/src/dep/ggponet-native/src/udp_protocol_compressed.cpp,native_converted,Bitvector write zero bit used by UDP compressed input encoding
100229b0,FUN_100229b0,undefined FUN_100229b0(void),raw-c/100229b0_FUN_100229b0.c,Sources/FightcadeFBNeo/src/dep/ggponet-native/src/udp_protocol.cpp; Sources/FightcadeFBNeo/src/dep/ggponet-native/src/udp_protocol_compressed.cpp,native_converted,Bitvector write one bit used by UDP compressed input encoding
10022a10,FUN_10022a10,undefined FUN_10022a10(void),raw-c/10022a10_FUN_10022a10.c,Sources/FightcadeFBNeo/src/dep/ggponet-native/src/udp_protocol.cpp; Sources/FightcadeFBNeo/src/dep/ggponet-native/src/udp_protocol_compressed.cpp,native_converted,Bitvector read byte used by UDP compressed input decode
10022a60,FUN_10022a60,undefined FUN_10022a60(void),raw-c/10022a60_FUN_10022a60.c,Sources/FightcadeFBNeo/src/dep/ggponet-native/src/udp_protocol.cpp; Sources/FightcadeFBNeo/src/dep/ggponet-native/src/udp_protocol_compressed.cpp,native_converted,Bitvector write byte used by UDP compressed input encoding
10022b70,FUN_10022b70,undefined FUN_10022b70(void),raw-c/10022b70_FUN_10022b70.c,Sources/FightcadeFBNeo/src/dep/ggponet-native/src/udp_protocol.cpp,native_converted,Frame-age helper: converts elapsed milliseconds to 60 Hz frames
10022bb0,FUN_10022bb0,undefined FUN_10022bb0(void),raw-c/10022bb0_FUN_10022bb0.c,Sources/FightcadeFBNeo/src/dep/ggponet-native/src/udp_protocol.cpp,native_converted,"Local connect status calculation from RTT, remote frame, last quality-report time, and current frame"
10022c20,FUN_10022c20,undefined FUN_10022c20(void),raw-c/10022c20_FUN_10022c20.c,Sources/FightcadeFBNeo/src/dep/ggponet-native/src/udp_protocol.cpp,native_converted,Quality-reply handler stores round-trip time as now minus echoed timestamp
10022c50,FUN_10022c50,undefined FUN_10022c50(void),raw-c/10022c50_FUN_10022c50.c,Sources/FightcadeFBNeo/src/dep/ggponet-native/src/udp_protocol.cpp,native_converted,UDP protocol log prefix helper mapped to quark_logv with `udp proto | ` prefix
10022ce0,FUN_10022ce0,undefined FUN_10022ce0(void),raw-c/10022ce0_FUN_10022ce0.c,Sources/FightcadeFBNeo/src/dep/ggponet-native/src/peer_backend.cpp; Sources/FightcadeFBNeo/src/dep/ggponet-native/src/udp_protocol.cpp,native_converted,UDP protocol network stats snapshot for peer stats/advance-frame lag cache
10022d40,FUN_10022d40,undefined FUN_10022d40(void),raw-c/10022d40_FUN_10022d40.c,Sources/FightcadeFBNeo/src/dep/ggponet-native/src/udp_protocol.cpp,native_converted,Invalid UdpProtocol message assertion/fail path
10022e20,FUN_10022e20,undefined FUN_10022e20(void),raw-c/10022e20_FUN_10022e20.c,Sources/FightcadeFBNeo/src/dep/ggponet-native/src/udp_protocol.cpp,native_converted,Protocol event debug logging for synchronized event type 2
10022e60,FUN_10022e60,undefined FUN_10022e60(void),raw-c/10022e60_FUN_10022e60.c,Sources/FightcadeFBNeo/src/dep/ggponet-native/src/udp_protocol.cpp,native_converted,"UdpMsg debug logging by type for sync, quality, and compressed-input headers"
100230a0,FUN_100230a0,undefined FUN_100230a0(void),raw-c/100230a0_FUN_100230a0.c,Sources/FightcadeFBNeo/src/dep/ggponet-native/src/udp_protocol.cpp,native_converted,UdpProtocol bind/start wrapper: passes local port and protocol receiver object into native UDP socket init
100230e0,FUN_100230e0,undefined FUN_100230e0(void),raw-c/100230e0_FUN_100230e0.c,Sources/FightcadeFBNeo/src/dep/ggponet-native/src/peer_backend.cpp; Sources/FightcadeFBNeo/src/dep/ggponet-native/src/udp_protocol.cpp,native_converted,UDP protocol event dequeue used by peer idle event pump
10023130,FUN_10023130,undefined FUN_10023130(void),raw-c/10023130_FUN_10023130.c,Sources/FightcadeFBNeo/src/dep/ggponet-native/src/udp_protocol.cpp,native_converted,"UdpProtocol constructor: callback table, embedded UDP socket, protocol queues/state, env idle knobs, four initial GameInput slots, disconnect state"
10023320,FUN_10023320,undefined FUN_10023320(void),raw-c/10023320_FUN_10023320.c,Sources/FightcadeFBNeo/src/dep/ggponet-native/src/udp_protocol.cpp,native_converted,UdpProtocol event enqueue: logs Queuing event and appends native protocol event
10023350,FUN_10023350,undefined FUN_10023350(void),raw-c/10023350_FUN_10023350.c,Sources/FightcadeFBNeo/src/dep/ggponet-native/src/udp_protocol.cpp,native_converted,UDP peer-disconnected callback: creates and queues event type 4
100233a0,FUN_100233a0,undefined FUN_100233a0(void),raw-c/100233a0_FUN_100233a0.c,Sources/FightcadeFBNeo/src/dep/ggponet-native/src/udp_protocol.cpp,native_converted,UDP first-packet callback: creates and queues event type 0
100233f0,FUN_100233f0,undefined FUN_100233f0(void),raw-c/100233f0_FUN_100233f0.c,Sources/FightcadeFBNeo/src/dep/ggponet-native/src/udp_protocol.cpp; Sources/FightcadeFBNeo/src/dep/ggponet-native/src/udp_protocol_compressed.cpp,native_converted,"UDP compressed input handler: decodes delta bitvector, queues input events, discards acked pending outputs"
10023930,FUN_10023930,undefined FUN_10023930(void),raw-c/10023930_FUN_10023930.c,Sources/FightcadeFBNeo/src/dep/ggponet-native/src/udp_protocol.cpp,native_converted,UdpProtocol send wrapper: logs outgoing message and queues it to native UDP socket
10023960,FUN_10023960,undefined FUN_10023960(void),raw-c/10023960_FUN_10023960.c,Sources/FightcadeFBNeo/src/dep/ggponet-native/src/udp_protocol.cpp,native_converted,"Sync-request sender: stores send time, random 16-bit token, and sends type 1 message"
100239f0,FUN_100239f0,undefined FUN_100239f0(void),raw-c/100239f0_FUN_100239f0.c,Sources/FightcadeFBNeo/src/dep/ggponet-native/src/udp_protocol.cpp; Sources/FightcadeFBNeo/src/dep/ggponet-native/src/udp_protocol_compressed.cpp,native_converted,UDP compressed input sender: encodes pending local inputs and queues type-3 UDP message
10023eb0,FUN_10023eb0,undefined FUN_10023eb0(void),raw-c/10023eb0_FUN_10023eb0.c,Sources/FightcadeFBNeo/src/dep/ggponet-native/src/udp_protocol.cpp; Sources/FightcadeFBNeo/src/dep/ggponet-native/src/udp_protocol_compressed.cpp,native_converted,"UDP local input send policy: pending-output queue, idle suppression, compressed send trigger"
10023fa0,FUN_10023fa0,undefined FUN_10023fa0(void),raw-c/10023fa0_FUN_10023fa0.c,Sources/FightcadeFBNeo/src/dep/ggponet-native/src/peer_backend.cpp; Sources/FightcadeFBNeo/src/dep/ggponet-native/src/udp_protocol.cpp,native_converted,UDP remote endpoint configuration plus 1000ms protocol timer registration
10023fe0,FUN_10023fe0,undefined FUN_10023fe0(void),raw-c/10023fe0_FUN_10023fe0.c,Sources/FightcadeFBNeo/src/dep/ggponet-native/src/udp_protocol.cpp,native_converted,Quality-report handler: sends type 5 echo reply and stores remote connect status
10024050,FUN_10024050,undefined FUN_10024050(void),raw-c/10024050_FUN_10024050.c,Sources/FightcadeFBNeo/src/dep/ggponet-native/src/udp_protocol.cpp,native_converted,"Sync-reply handler: validates token, decrements retry count, queues progress/synchronized events, and resends as evidenced"
100241b0,FUN_100241b0,undefined FUN_100241b0(void),raw-c/100241b0_FUN_100241b0.c,Sources/FightcadeFBNeo/src/dep/ggponet-native/src/udp_protocol.cpp,native_converted,Sync-request handler: sends type 2 sync reply echoing request token
10024210,FUN_10024210,undefined FUN_10024210(void),raw-c/10024210_FUN_10024210.c,Sources/FightcadeFBNeo/src/dep/ggponet-native/src/udp_protocol.cpp,native_converted,"Sync start: sets state 0, seeds retry count, and queues first sync request"
10024240,FUN_10024240,undefined FUN_10024240(void),raw-c/10024240_FUN_10024240.c,Sources/FightcadeFBNeo/src/dep/ggponet-native/src/udp_protocol.cpp; Sources/FightcadeFBNeo/src/dep/ggponet-native/src/udp_protocol_compressed.cpp,native_converted,UDP packet dispatch table including compressed input type 3
10024390,FUN_10024390,undefined FUN_10024390(void),raw-c/10024390_FUN_10024390.c,Sources/FightcadeFBNeo/src/dep/ggponet-native/src/udp_protocol.cpp; Sources/FightcadeFBNeo/src/dep/ggponet-native/src/udp_protocol_compressed.cpp,native_converted,"UDP timer: sync retry, state-2 compressed-input resend, quality report send"
100244f0,FUN_100244f0,undefined FUN_100244f0(void),raw-c/100244f0_FUN_100244f0.c,Sources/FightcadeFBNeo/src/dep/ggponet-native/src/peer_backend.cpp; Sources/FightcadeFBNeo/src/dep/ggponet-native/src/udp_protocol.cpp,native_converted,UDP socket stats snapshot used by UDP protocol network stats
10024520,FUN_10024520,undefined FUN_10024520(void),raw-c/10024520_FUN_10024520.c,Sources/FightcadeFBNeo/src/dep/ggponet-native/src/udp_socket.cpp,native_converted,UDP log prefix helper mapped to quark_logv with `udp | ` prefix
100245b0,FUN_100245b0,undefined FUN_100245b0(void),raw-c/100245b0_FUN_100245b0.c,Sources/FightcadeFBNeo/src/dep/ggponet-native/src/udp_socket.cpp,native_converted,UDP bind/rebind across requested port range with nonblocking BSD UDP socket
100246e0,FUN_100246e0,undefined FUN_100246e0(void),raw-c/100246e0_FUN_100246e0.c,Sources/FightcadeFBNeo/src/dep/ggponet-native/src/udp_socket.cpp,native_converted,"UDP init: reads ggpo.network.delay, stores local port/receiver, binds base port plus 10"
10024750,FUN_10024750,undefined FUN_10024750(void),raw-c/10024750_FUN_10024750.c,Sources/FightcadeFBNeo/src/dep/ggponet-native/src/udp_socket.cpp,native_converted,"UDP queued send drain with network-delay gate, remote-address assertion, sendto, and sent-byte accounting"
10024a10,FUN_10024a10,undefined FUN_10024a10(void),raw-c/10024a10_FUN_10024a10.c,Sources/FightcadeFBNeo/src/dep/ggponet-native/src/udp_socket.cpp,native_converted,Poll idle send-drain callback mapped to udp_socket_flush_send_queue
10024a30,FUN_10024a30,undefined FUN_10024a30(void),raw-c/10024a30_FUN_10024a30.c,Sources/FightcadeFBNeo/src/dep/ggponet-native/src/udp_socket.cpp,native_converted,UDP destructor closes socket and clears native queues/state
10024aa0,FUN_10024aa0,undefined FUN_10024aa0(void),raw-c/10024aa0_FUN_10024aa0.c,Sources/FightcadeFBNeo/src/dep/ggponet-native/src/udp_socket.cpp,native_converted,"UDP constructor initializes socket fields, remote state, stats, queues, receive buffer, and poll callback target"
10024ba0,FUN_10024ba0,undefined FUN_10024ba0(void),raw-c/10024ba0_FUN_10024ba0.c,Sources/FightcadeFBNeo/src/dep/ggponet-native/src/udp_socket.cpp,native_converted,"UDP periodic network stats: prunes 3000 ms packet stats, computes bandwidth/count/overhead, logs exact format"
10024d60,FUN_10024d60,undefined FUN_10024d60(void),raw-c/10024d60_FUN_10024d60.c,Sources/FightcadeFBNeo/src/dep/ggponet-native/src/udp_socket.cpp,native_converted,"UDP send enqueue wrapper: records current time and data, then attempts drain"
10024da0,FUN_10024da0,undefined FUN_10024da0(void),raw-c/10024da0_FUN_10024da0.c,Sources/FightcadeFBNeo/src/dep/ggponet-native/src/udp_socket.cpp,native_converted,"UDP receive poll: nonblocking recv loop, first-packet callback, packet callback, packet stats, pending/no-data and ECONNRESET handling"
10025090,FUN_10025090,undefined FUN_10025090(void),raw-c/10025090_FUN_10025090.c,Sources/FightcadeFBNeo/src/dep/ggponet-native/src/udp_socket.cpp,native_converted,"UDP remote endpoint setup: inet_addr/htons sockaddr, poll handle/timer/idle registration, priming logs, wake signal"
10025150,FUN_10025150,undefined FUN_10025150(void),raw-c/10025150_FUN_10025150.c,Sources/FightcadeFBNeo/src/dep/ggponet-native/src/streaming_backend.cpp,native_converted,Native TCP UTF-8 string serializer
100251e0,FUN_100251e0,undefined FUN_100251e0(void),raw-c/100251e0_FUN_100251e0.c,Sources/FightcadeFBNeo/src/dep/ggponet-native/src/streaming_backend.cpp,native_converted,Native TCP big-endian integer serializer
10025210,FUN_10025210,undefined FUN_10025210(void),raw-c/10025210_FUN_10025210.c,Sources/FightcadeFBNeo/src/dep/ggponet-native/src/streaming_backend.cpp,native_converted,Native TCP big-endian integer parser
10025240,FUN_10025240,undefined FUN_10025240(void),raw-c/10025240_FUN_10025240.c,Sources/FightcadeFBNeo/src/dep/ggponet-native/src/streaming_backend.cpp,native_converted,Native TCP UTF-8 string parser
100252c0,FUN_100252c0,undefined FUN_100252c0(void),raw-c/100252c0_FUN_100252c0.c,Sources/FightcadeFBNeo/src/dep/ggponet-native/src/streaming_backend.cpp,native_converted,Native TCP protocol event queue pop
10025320,FUN_10025320,undefined FUN_10025320(void),raw-c/10025320_FUN_10025320.c,Sources/FightcadeFBNeo/src/dep/ggponet-native/src/client_backend_upload.cpp; docs/ggponet/peer-backend-map.md,native_converted,TCP finish flush: drains pending send queue with 10ms waits then closes the TCP socket
10025380,FUN_10025380,undefined FUN_10025380(void),raw-c/10025380_FUN_10025380.c,Sources/FightcadeFBNeo/src/dep/ggponet-native/src/streaming_backend.cpp,native_converted,Native TCP disconnect event parser
100253e0,FUN_100253e0,undefined FUN_100253e0(void),raw-c/100253e0_FUN_100253e0.c,Sources/FightcadeFBNeo/src/dep/ggponet-native/src/streaming_backend.cpp,native_converted,Native spectator count event parser
10025460,FUN_10025460,undefined FUN_10025460(void),raw-c/10025460_FUN_10025460.c,Sources/FightcadeFBNeo/src/dep/ggponet-native/src/client_backend.cpp; docs/ggponet/peer-backend-map.md,native_converted,TCP server event parser: upload trigger event 0x11 enqueued and handled by client upload scheduler
100254c0,FUN_100254c0,undefined FUN_100254c0(void),raw-c/100254c0_FUN_100254c0.c,Sources/FightcadeFBNeo/src/dep/ggponet-native/src/streaming_backend.cpp,native_converted,Native compressed state event parser
10025590,FUN_10025590,undefined FUN_10025590(void),raw-c/10025590_FUN_10025590.c,Sources/FightcadeFBNeo/src/dep/ggponet-native/src/streaming_backend.cpp,native_converted,Native streamed input frame event parser
10025680,FUN_10025680,undefined FUN_10025680(void),raw-c/10025680_FUN_10025680.c,Sources/FightcadeFBNeo/src/dep/ggponet-native/src/client_backend.cpp; docs/ggponet/peer-backend-map.md,native_converted,"TCP server event parser: chat event 0xc parses match id, username, and text strings and enqueues match-filtered chat event"
10025740,FUN_10025740,undefined FUN_10025740(void),raw-c/10025740_FUN_10025740.c,Sources/FightcadeFBNeo/src/dep/ggponet-native/src/client_backend.cpp; docs/ggponet/peer-backend-map.md,native_converted,"TCP server event parser: start-match event 8 parses remote address, port, and player side"
10025810,FUN_10025810,undefined FUN_10025810(void),raw-c/10025810_FUN_10025810.c,Sources/FightcadeFBNeo/src/dep/ggponet-native/src/streaming_backend.cpp,native_converted,Native match info response parser
100258f0,FUN_100258f0,undefined FUN_100258f0(void),raw-c/100258f0_FUN_100258f0.c,Sources/FightcadeFBNeo/src/dep/ggponet-native/src/streaming_backend.cpp,native_converted,Native version command response handler
10025980,FUN_10025980,undefined FUN_10025980(void),raw-c/10025980_FUN_10025980.c,Sources/FightcadeFBNeo/src/dep/ggponet-native/src/streaming_backend.cpp,native_converted,Native TCP frame parser and response dispatch
10025b90,FUN_10025b90,undefined FUN_10025b90(void),raw-c/10025b90_FUN_10025b90.c,Sources/FightcadeFBNeo/src/dep/ggponet-native/src/streaming_backend.cpp,native_converted,Native TCP connect/register setup
10025bc0,FUN_10025bc0,undefined FUN_10025bc0(void),raw-c/10025bc0_FUN_10025bc0.c,Sources/FightcadeFBNeo/src/dep/ggponet-native/src/streaming_backend.cpp,native_converted,Native TCP protocol construction
10025c90,FUN_10025c90,undefined FUN_10025c90(void),raw-c/10025c90_FUN_10025c90.c,Sources/FightcadeFBNeo/src/dep/ggponet-native/src/client_backend_upload.cpp; docs/ggponet/peer-backend-map.md,native_converted,"Replay upload command 0x13: match id string, NUL-terminated GGPOTV metadata, compressed replay payload, and TCP command framing"
10025da0,FUN_10025da0,undefined FUN_10025da0(void),raw-c/10025da0_FUN_10025da0.c,Sources/FightcadeFBNeo/src/dep/ggponet-native/src/client_backend_upload.cpp; docs/ggponet/peer-backend-map.md,native_converted,"Replay-state upload command 0x12: match id string, compressed size, original state size, and compressed state bytes"
10025e90,FUN_10025e90,undefined FUN_10025e90(void),raw-c/10025e90_FUN_10025e90.c,Sources/FightcadeFBNeo/src/dep/ggponet-native/src/client_backend_upload.cpp; docs/ggponet/peer-backend-map.md,native_converted,"Spectator confirmed-input upload command 0x11: match id string, input count, input size, and 60-frame raw input batch"
10026060,FUN_10026060,undefined FUN_10026060(void),raw-c/10026060_FUN_10026060.c,Sources/FightcadeFBNeo/src/dep/ggponet-native/src/streaming_backend.cpp,native_converted,Native TCP command framing and sequence tracking
10026140,FUN_10026140,undefined FUN_10026140(void),raw-c/10026140_FUN_10026140.c,Sources/FightcadeFBNeo/src/dep/ggponet-native/src/streaming_backend.cpp,native_converted,Native TCP connect attempt
10026160,FUN_10026160,undefined FUN_10026160(void),raw-c/10026160_FUN_10026160.c,Sources/FightcadeFBNeo/src/dep/ggponet-native/src/client_backend.cpp; Sources/FightcadeFBNeo/src/dep/ggponet-native/src/streaming_backend.cpp; docs/ggponet/peer-backend-map.md,native_converted,TcpProtocol teardown: native event queues and TCP socket resources are destroyed by client/streaming session teardown
100261e0,FUN_100261e0,undefined FUN_100261e0(void),raw-c/100261e0_FUN_100261e0.c,Sources/FightcadeFBNeo/src/dep/ggponet-native/src/streaming_backend.cpp,native_converted,Native version command serializer
10026240,FUN_10026240,undefined FUN_10026240(void),raw-c/10026240_FUN_10026240.c,Sources/FightcadeFBNeo/src/dep/ggponet-native/src/streaming_backend.cpp,native_converted,Native TCP poll sink event processing
10026340,FUN_10026340,undefined FUN_10026340(void),raw-c/10026340_FUN_10026340.c,Sources/FightcadeFBNeo/src/dep/ggponet-native/src/streaming_backend.cpp,native_converted,Native spectator register command serializer
10026380,FUN_10026380,undefined FUN_10026380(void),raw-c/10026380_FUN_10026380.c,Sources/FightcadeFBNeo/src/dep/ggponet-native/src/client_backend.cpp,native_converted,"Client chat command payload: match id string, chat text string, command 0xf"
100263e0,FUN_100263e0,undefined FUN_100263e0(void),raw-c/100263e0_FUN_100263e0.c,Sources/FightcadeFBNeo/src/dep/ggponet-native/src/streaming_backend.cpp,native_converted,Native match info request command serializer
10026420,FUN_10026420,undefined FUN_10026420(void),raw-c/10026420_FUN_10026420.c,Sources/FightcadeFBNeo/src/dep/ggponet-native/src/client_backend.cpp; docs/ggponet/peer-backend-map.md,native_converted,Client connect command 0xb serializer: match id string and peer UDP local port
10026480,FUN_10026480,undefined FUN_10026480(void),raw-c/10026480_FUN_10026480.c,Sources/FightcadeFBNeo/src/dep/ggponet-native/src/client_backend_upload.cpp; docs/ggponet/peer-backend-map.md,native_converted,TCP close helper: shutdown and close active TCP socket after final flush
100264e0,FUN_100264e0,undefined FUN_100264e0(void),raw-c/100264e0_FUN_100264e0.c,Sources/FightcadeFBNeo/src/dep/ggponet-native/src/client_backend.cpp; Sources/FightcadeFBNeo/src/dep/ggponet-native/src/streaming_backend.cpp; docs/ggponet/peer-backend-map.md,native_converted,TCP bind helper: native sockets bind local port range and record selected local port
10026760,FUN_10026760,undefined FUN_10026760(void),raw-c/10026760_FUN_10026760.c,Sources/FightcadeFBNeo/src/dep/ggponet-native/src/streaming_backend.cpp,native_converted,Native TCP remote address and local bind setup
10026830,FUN_10026830,undefined FUN_10026830(void),raw-c/10026830_FUN_10026830.c,Sources/FightcadeFBNeo/src/dep/ggponet-native/src/streaming_backend.cpp,native_converted,Native nonblocking send queue flush
10026a00,FUN_10026a00,undefined FUN_10026a00(void),raw-c/10026a00_FUN_10026a00.c,Sources/FightcadeFBNeo/src/dep/ggponet-native/src/streaming_backend.cpp,native_converted,Native lower TCP event queue pop equivalent
10026a50,FUN_10026a50,undefined FUN_10026a50(void),raw-c/10026a50_FUN_10026a50.c,Sources/FightcadeFBNeo/src/dep/ggponet-native/src/client_backend.cpp; Sources/FightcadeFBNeo/src/dep/ggponet-native/src/streaming_backend.cpp; docs/ggponet/peer-backend-map.md,native_converted,Tcp teardown: native close/shutdown path releases socket and associated nonblocking state
10026ae0,FUN_10026ae0,undefined FUN_10026ae0(void),raw-c/10026ae0_FUN_10026ae0.c,Sources/FightcadeFBNeo/src/dep/ggponet-native/src/client_backend.cpp; Sources/FightcadeFBNeo/src/dep/ggponet-native/src/streaming_backend.cpp; docs/ggponet/peer-backend-map.md,native_converted,Tcp construction: native nonblocking TCP socket setup replaces Win32 socket/event-handle initialization
10026c00,FUN_10026c00,undefined FUN_10026c00(void),raw-c/10026c00_FUN_10026c00.c,Sources/FightcadeFBNeo/src/dep/ggponet-native/src/client_backend.cpp; Sources/FightcadeFBNeo/src/dep/ggponet-native/src/streaming_backend.cpp; docs/ggponet/peer-backend-map.md,native_converted,TCP event queue helper: disconnected event enqueued for closed TCP receive path
10026c60,FUN_10026c60,undefined FUN_10026c60(void),raw-c/10026c60_FUN_10026c60.c,Sources/FightcadeFBNeo/src/dep/ggponet-native/src/client_backend.cpp; Sources/FightcadeFBNeo/src/dep/ggponet-native/src/streaming_backend.cpp; docs/ggponet/peer-backend-map.md,native_converted,TCP event queue helper: connected event enqueued after successful TCP connect
10026cc0,FUN_10026cc0,undefined FUN_10026cc0(void),raw-c/10026cc0_FUN_10026cc0.c,Sources/FightcadeFBNeo/src/dep/ggponet-native/src/client_backend.cpp; Sources/FightcadeFBNeo/src/dep/ggponet-native/src/streaming_backend.cpp; docs/ggponet/peer-backend-map.md,native_converted,TCP receive-data event helper: native receive buffer appends bytes and packet parser dispatches complete frames
10026d40,FUN_10026d40,undefined FUN_10026d40(void),raw-c/10026d40_FUN_10026d40.c,Sources/FightcadeFBNeo/src/dep/ggponet-native/src/client_backend.cpp; Sources/FightcadeFBNeo/src/dep/ggponet-native/src/streaming_backend.cpp; docs/ggponet/peer-backend-map.md,native_converted,TCP connect helper: retries local bind/connect range and switches socket to nonblocking mode
10026e20,FUN_10026e20,undefined FUN_10026e20(void),raw-c/10026e20_FUN_10026e20.c,Sources/FightcadeFBNeo/src/dep/ggponet-native/src/streaming_backend.cpp,native_converted,Native send queue append
10026f60,FUN_10026f60,undefined FUN_10026f60(void),raw-c/10026f60_FUN_10026f60.c,Sources/FightcadeFBNeo/src/dep/ggponet-native/src/client_backend.cpp; Sources/FightcadeFBNeo/src/dep/ggponet-native/src/streaming_backend.cpp; docs/ggponet/peer-backend-map.md,native_converted,"TCP receive pump: native nonblocking recv appends data, detects disconnect/reset, and drives packet parser"
100270e0,FUN_100270e0,undefined FUN_100270e0(void),raw-c/100270e0_FUN_100270e0.c,Sources/FightcadeFBNeo/src/dep/ggponet-native/src/client_backend.cpp; Sources/FightcadeFBNeo/src/dep/ggponet-native/src/streaming_backend.cpp; docs/ggponet/peer-backend-map.md,native_converted,TCP poll sink dispatch: native select loop routes readable sockets to recv and writable sockets to send flush
10027120,FUN_10027120,undefined FUN_10027120(void),raw-c/10027120_FUN_10027120.c,Sources/FightcadeFBNeo/src/dep/ggponet-native/src/time_sync.cpp,native_converted,"Native TimeSync wait recommendation: 40-frame averages, truncate, <3=>0, cap 9, reject non-identical recent inputs"
10027280,FUN_10027280,undefined FUN_10027280(void),raw-c/10027280_FUN_10027280.c,Sources/FightcadeFBNeo/src/dep/ggponet-native/src/time_sync.cpp,native_converted,Native TimeSync advance_frame sample ingestion and 0xf0-frame recommendation cooldown
10027330,FUN_10027330,undefined FUN_10027330(void),raw-c/10027330_FUN_10027330.c,Sources/FightcadeFBNeo/src/dep/ggponet-native/src/time_sync.cpp,native_converted,Native TimeSync vtable reset equivalent
10027350,FUN_10027350,undefined FUN_10027350(void),raw-c/10027350_FUN_10027350.c,Sources/FightcadeFBNeo/src/dep/ggponet-native/src/time_sync.cpp,native_converted,Native TimeSync constructor: clear local/remote/input history and set prediction frame 0x78
100273b0,FUN_100273b0,undefined FUN_100273b0(void),raw-c/100273b0_FUN_100273b0.c,Sources/FightcadeFBNeo/src/dep/ggponet-native/src/synctest_backend.cpp,native_converted,Native SyncTest close log file
10027400,FUN_10027400,undefined FUN_10027400(void),raw-c/10027400_FUN_10027400.c,Sources/FightcadeFBNeo/src/dep/ggponet-native/src/synctest_backend.cpp,native_converted,"Exact SyncTestBackend logv: vfprintf FILE* at offset 0x2a0 when non-null, returns true"
10027440,FUN_10027440,undefined FUN_10027440(void),raw-c/10027440_FUN_10027440.c,Sources/FightcadeFBNeo/src/dep/ggponet-native/src/synctest_backend.cpp; docs/ggponet/native-runtime-mappings.md,native_converted,SyncTest assertion diagnostics: native synctest emits mismatch diagnostics and aborts on rollback verification failure
100274b0,FUN_100274b0,undefined FUN_100274b0(void),raw-c/100274b0_FUN_100274b0.c,Sources/FightcadeFBNeo/src/dep/ggponet-native/src/synctest_backend.cpp; docs/ggponet/native-runtime-mappings.md,native_converted,SyncTest synclog dump path: native rollback verification keeps state/checksum evidence for mismatch diagnostics
10027580,FUN_10027580,undefined FUN_10027580(void),raw-c/10027580_FUN_10027580.c,Sources/FightcadeFBNeo/src/dep/ggponet-native/src/synctest_backend.cpp,native_converted,Native SyncTest open synclogs log/state file
10027660,FUN_10027660,undefined FUN_10027660(void),raw-c/10027660_FUN_10027660.c,Sources/FightcadeFBNeo/src/dep/ggponet-native/src/synctest_backend.cpp,native_converted,Native SyncTest synchronize_input behavior for original and replay paths
10027730,FUN_10027730,undefined FUN_10027730(void),raw-c/10027730_FUN_10027730.c,Sources/FightcadeFBNeo/src/dep/ggponet-native/src/synctest_backend.cpp,native_converted,"Native SyncTest advance_frame: save ring state, enqueue replay checks, reload, replay, compare checksums"
10027950,FUN_10027950,undefined FUN_10027950(void),raw-c/10027950_FUN_10027950.c,Sources/FightcadeFBNeo/src/dep/ggponet-native/src/synctest_backend.cpp,native_converted,SyncTestBackend destructor path tears down sync core and saved-state resources
10027980,FUN_10027980,undefined FUN_10027980(void),raw-c/10027980_FUN_10027980.c,Sources/FightcadeFBNeo/src/dep/ggponet-native/src/synctest_backend.cpp,native_converted,"Native SyncTestBackend constructor: callbacks, sync, replay queue, game name, begin_game"
10027ac0,FUN_10027ac0,undefined FUN_10027ac0(void),raw-c/10027ac0_FUN_10027ac0.c,Sources/FightcadeFBNeo/src/dep/ggponet-native/src/common_leafs.cpp,native_converted,Exact leaf: Sleep(milliseconds) then returns true
10027ae0,FUN_10027ae0,undefined FUN_10027ae0(void),raw-c/10027ae0_FUN_10027ae0.c,Sources/FightcadeFBNeo/src/dep/ggponet-native/src/replay_backend.cpp,native_converted,"Replay synchronize_input: false on empty, copy min(players,2)*size bytes from queued input, pop, true"
10027b50,FID_conflict:~CXMLNode<IXMLDOMDocument>,undefined FID_conflict:~CXMLNode<IXMLDOMDocument>(void),raw-c/10027b50_FID_conflict_CXMLNode_IXMLDOMDocument_.c,docs/ggponet/native-runtime-mappings.md,native-runtime-mapped,Native runtime mapping: MSVC CRT/STL/compiler support helper supplied by libc++/libSystem/compiler runtime; no GGPO protocol logic
10027b70,FUN_10027b70,undefined FUN_10027b70(void),raw-c/10027b70_FUN_10027b70.c,Sources/FightcadeFBNeo/src/dep/ggponet-native/src/replay_backend.cpp,native_converted,"Native replay file loader: parse tab header, zlib uncompress payload, queue inputs, 0.20 pop, begin_game, load_game_state"
10027f60,FUN_10027f60,undefined FUN_10027f60(void),raw-c/10027f60_FUN_10027f60.c,Sources/FightcadeFBNeo/src/dep/ggponet-native/src/replay_backend.cpp,native_converted,"Native ReplayBackend constructor: vtable, callbacks, input queue, load replay"
10027ff0,FUN_10027ff0,undefined FUN_10027ff0(void),raw-c/10027ff0_FUN_10027ff0.c,Sources/FightcadeFBNeo/src/dep/ggponet-native/src/poll_backend.cpp,native_converted,Poll next-timer timeout: min remaining timer delay clamped at zero
10028090,FUN_10028090,undefined FUN_10028090(void),raw-c/10028090_FUN_10028090.c,Sources/FightcadeFBNeo/src/dep/ggponet-native/src/poll_backend.cpp,native_converted,"Poll run loop: wait handles, pre-idle callbacks, interval timers, post-idle callbacks"
10028330,FUN_10028330,undefined FUN_10028330(void),raw-c/10028330_FUN_10028330.c,Sources/FightcadeFBNeo/src/dep/ggponet-native/src/poll_backend.cpp,native_converted,Register pollable handle with target/context and MAX_POLLABLE_HANDLES guard
10028450,FUN_10028450,undefined FUN_10028450(void),raw-c/10028450_FUN_10028450.c,Sources/FightcadeFBNeo/src/dep/ggponet-native/src/poll_backend.cpp,native_converted,"Register periodic timer callback with target/context, interval, and last-fired zero"
10028490,FUN_10028490,undefined FUN_10028490(void),raw-c/10028490_FUN_10028490.c,Sources/FightcadeFBNeo/src/dep/ggponet-native/src/poll_backend.cpp,native_converted,Register per-idle pre/post callback pair
100284c0,FUN_100284c0,undefined FUN_100284c0(void),raw-c/100284c0_FUN_100284c0.c,Sources/FightcadeFBNeo/src/dep/ggponet-native/src/poll_backend.cpp,native_converted,"Poll constructor initializes counters, callback lists, timer list, and native wake pipe"
10028590,FUN_10028590,undefined FUN_10028590(void),raw-c/10028590_FUN_10028590.c,Sources/FightcadeFBNeo/src/dep/ggponet-native/src/peer_backend.cpp; Sources/FightcadeFBNeo/src/dep/ggponet-native/src/udp_protocol.cpp,native_converted,Peer set-frame-delay gate before first synchronized input
100285d0,FUN_100285d0,undefined FUN_100285d0(void),raw-c/100285d0_FUN_100285d0.c,Sources/FightcadeFBNeo/src/dep/ggponet-native/src/peer_backend.cpp; Sources/FightcadeFBNeo/src/dep/ggponet-native/src/udp_protocol.cpp,native_converted,Peer get-stats mapping from Sync prediction stats and UDP network stats
10028660,FUN_10028660,undefined FUN_10028660(void),raw-c/10028660_FUN_10028660.c,Sources/FightcadeFBNeo/src/dep/ggponet-native/src/peer_backend.cpp; Sources/FightcadeFBNeo/src/dep/ggponet-native/src/udp_protocol.cpp,native_converted,Peer UDP event pump dispatching queued protocol events through vtable bridge
100286c0,FUN_100286c0,undefined FUN_100286c0(void),raw-c/100286c0_FUN_100286c0.c,Sources/FightcadeFBNeo/src/dep/ggponet-native/src/peer_backend.cpp; Sources/FightcadeFBNeo/src/dep/ggponet-native/src/udp_protocol.cpp,native_converted,Peer confirmed-input drain after advance-frame
10028710,FUN_10028710,undefined FUN_10028710(void),raw-c/10028710_FUN_10028710.c,Sources/FightcadeFBNeo/src/dep/ggponet-native/src/peer_backend.cpp; Sources/FightcadeFBNeo/src/dep/ggponet-native/src/udp_protocol.cpp,native_converted,"Peer advance-frame path: sync advance, idle(0), confirmed-input drain, lag cache update"
10028790,FUN_10028790,undefined FUN_10028790(void),raw-c/10028790_FUN_10028790.c,Sources/FightcadeFBNeo/src/dep/ggponet-native/src/peer_backend.cpp; Sources/FightcadeFBNeo/src/dep/ggponet-native/src/udp_protocol.cpp,native_converted,"Peer destructor path: TimeSync, UdpProtocol, SyncCore, and PollBackend teardown"
100287f0,FUN_100287f0,undefined FUN_100287f0(void),raw-c/100287f0_FUN_100287f0.c,Sources/FightcadeFBNeo/src/dep/ggponet-native/src/peer_backend.cpp; Sources/FightcadeFBNeo/src/dep/ggponet-native/src/udp_protocol.cpp,native_converted,"Peer constructor path: callbacks, poller, SyncCore, UdpProtocol, TimeSync, Sync init, UDP bind, begin_game"
10028960,FUN_10028960,undefined FUN_10028960(void),raw-c/10028960_FUN_10028960.c,Sources/FightcadeFBNeo/src/dep/ggponet-native/src/peer_backend.cpp; Sources/FightcadeFBNeo/src/dep/ggponet-native/src/udp_protocol.cpp,native_converted,Peer UDP protocol event bridge to GGPO connected/synchronizing/running/disconnected and remote input handling
10028a30,FUN_10028a30,undefined FUN_10028a30(void),raw-c/10028a30_FUN_10028a30.c,Sources/FightcadeFBNeo/src/dep/ggponet-native/src/peer_backend.cpp; Sources/FightcadeFBNeo/src/dep/ggponet-native/src/udp_protocol.cpp,native_converted,"Peer idle path: poll run, UDP event drain, sync simulation check, local connect-status update, sleep"
10028ac0,FUN_10028ac0,undefined FUN_10028ac0(void),raw-c/10028ac0_FUN_10028ac0.c,Sources/FightcadeFBNeo/src/dep/ggponet-native/src/peer_backend.cpp; Sources/FightcadeFBNeo/src/dep/ggponet-native/src/udp_protocol.cpp,native_converted,"Peer remote start path: configure endpoint, set synchronization flags/player side, start UDP sync"
10028b30,FUN_10028b30,undefined FUN_10028b30(void),raw-c/10028b30_FUN_10028b30.c,Sources/FightcadeFBNeo/src/dep/ggponet-native/src/peer_backend.cpp; Sources/FightcadeFBNeo/src/dep/ggponet-native/src/udp_protocol.cpp,native_converted,"Peer synchronize-input path: local input construction, sync add/get input, TimeSync event, UDP input send"
10028c90,FUN_10028c90,undefined FUN_10028c90(void),raw-c/10028c90_FUN_10028c90.c,Sources/FightcadeFBNeo/src/dep/ggponet-native/src/streaming_backend.cpp,native_converted,Native SpectatorBackend synchronize_input
10028d40,FUN_10028d40,undefined FUN_10028d40(void),raw-c/10028d40_FUN_10028d40.c,Sources/FightcadeFBNeo/src/dep/ggponet-native/src/streaming_backend.cpp,native_converted,SpectatorBackend destructor path tears down TCP state and streaming queues
10028d90,FUN_10028d90,undefined FUN_10028d90(void),raw-c/10028d90_FUN_10028d90.c,Sources/FightcadeFBNeo/src/dep/ggponet-native/src/streaming_backend.cpp,native_converted,Native SpectatorBackend constructor
10028ed0,FUN_10028ed0,undefined FUN_10028ed0(void),raw-c/10028ed0_FUN_10028ed0.c,Sources/FightcadeFBNeo/src/dep/ggponet-native/src/streaming_backend.cpp,native_converted,Native SpectatorBackend idle/event loop
10029160,FUN_10029160,undefined FUN_10029160(void),raw-c/10029160_FUN_10029160.c,Sources/FightcadeFBNeo/src/dep/ggponet-native/src/client_backend_upload.cpp; docs/ggponet/peer-backend-map.md,native_converted,"Full replay package producer: captures starting save state, appends replay input bytes, builds GGPOTV metadata, compresses payload, and sends command 0x13"
100295e0,FUN_100295e0,undefined FUN_100295e0(void),raw-c/100295e0_FUN_100295e0.c,Sources/FightcadeFBNeo/src/dep/ggponet-native/src/client_backend_upload.cpp; docs/ggponet/peer-backend-map.md,native_converted,"Confirmed-input producer hook: batches spectator inputs, handles delayed replay-state upload trigger, and records replay inputs/state"
10029800,FUN_10029800,undefined FUN_10029800(void),raw-c/10029800_FUN_10029800.c,Sources/FightcadeFBNeo/src/dep/ggponet-native/src/client_backend_upload.cpp; docs/ggponet/peer-backend-map.md,native_converted,"Client game-event handler: starts replay capture, records player metadata/scores/winner, sends replay on finish, and flushes when requested"
100299b0,FUN_100299b0,undefined FUN_100299b0(void),raw-c/100299b0_FUN_100299b0.c,Sources/FightcadeFBNeo/src/dep/ggponet-native/src/client_backend.cpp,native_converted,GGPOBackend destructor: tears down client TCP state and peer backend core
10029a40,FUN_10029a40,undefined FUN_10029a40(void),raw-c/10029a40_FUN_10029a40.c,Sources/FightcadeFBNeo/src/dep/ggponet-native/src/client_backend.cpp; docs/ggponet/peer-backend-map.md,native_converted,"GGPOBackend constructor: peer construction, client state initialization, TCP connect to ggpo.fightcade.com, version command, and connecting event"
10029c30,FUN_10029c30,undefined FUN_10029c30(void),raw-c/10029c30_FUN_10029c30.c,Sources/FightcadeFBNeo/src/dep/ggponet-native/src/client_backend.cpp; docs/ggponet/peer-backend-map.md,native_converted,"GGPOBackend TCP event pump: connect response, start match, match info, spectator count, chat, upload trigger, and disconnect handling"
10029f70,FUN_10029f70,undefined FUN_10029f70(void),raw-c/10029f70_FUN_10029f70.c,Sources/FightcadeFBNeo/src/dep/ggponet-native/src/client_backend.cpp,native_converted,GGPOBackend client_chat: requires match id and sends command 0xf
10029fb0,FUN_10029fb0,undefined FUN_10029fb0(void),raw-c/10029fb0_FUN_10029fb0.c,Sources/FightcadeFBNeo/src/dep/ggponet-native/src/client_backend.cpp; docs/ggponet/peer-backend-map.md,native_converted,GGPOBackend idle wrapper delegates peer idle and processes TCP lobby events outside peer poll reentrancy
10029fef,__cfltcvt_init,undefined __cfltcvt_init(void),raw-c/10029fef___cfltcvt_init.c,docs/ggponet/native-runtime-mappings.md,native-runtime-mapped,Native runtime mapping: MSVC CRT/STL/compiler support helper supplied by libc++/libSystem/compiler runtime; no GGPO protocol logic
1002a04f,__fpmath,void __cdecl __fpmath(int param_1),raw-c/1002a04f___fpmath.c,docs/ggponet/native-runtime-mappings.md,native-runtime-mapped,Native runtime mapping: MSVC CRT/STL/compiler support helper supplied by libc++/libSystem/compiler runtime; no GGPO protocol logic
1002a080,FUN_1002a080,undefined FUN_1002a080(void),raw-c/1002a080_FUN_1002a080.c,docs/ggponet/native-runtime-mappings.md,native-runtime-mapped,Native runtime mapping: MSVC floating-point conversion helper supplied by compiler/runtime; no GGPO protocol logic
1002a12b,__forcdecpt_l,"void __cdecl __forcdecpt_l(char * _Buf, _locale_t _Locale)",raw-c/1002a12b___forcdecpt_l.c,docs/ggponet/native-runtime-mappings.md,native-runtime-mapped,Native runtime mapping: clearly named MSVC CRT/STL/compiler support helper supplied by libc++/libSystem/compiler runtime; no GGPO protocol logic
1002a19e,__cropzeros_l,"void __cdecl __cropzeros_l(char * _Buf, _locale_t _Locale)",raw-c/1002a19e___cropzeros_l.c,docs/ggponet/native-runtime-mappings.md,native-runtime-mapped,Native runtime mapping: clearly named MSVC CRT/STL/compiler support helper supplied by libc++/libSystem/compiler runtime; no GGPO protocol logic
1002a220,__positive,int __cdecl __positive(double * arg),raw-c/1002a220___positive.c,docs/ggponet/native-runtime-mappings.md,native-runtime-mapped,Native runtime mapping: MSVC CRT/STL/compiler support helper supplied by libc++/libSystem/compiler runtime; no GGPO protocol logic
1002a23c,__fassign_l,"void __cdecl __fassign_l(int flag, char * argument, char * number, _locale_t param_4)",raw-c/1002a23c___fassign_l.c,docs/ggponet/native-runtime-mappings.md,native-runtime-mapped,Native runtime mapping: clearly named MSVC CRT/STL/compiler support helper supplied by libc++/libSystem/compiler runtime; no GGPO protocol logic
1002a27e,__fassign,"void __cdecl __fassign(int flag, char * argument, char * number)",raw-c/1002a27e___fassign.c,docs/ggponet/native-runtime-mappings.md,native-runtime-mapped,Native runtime mapping: clearly named MSVC CRT/STL/compiler support helper supplied by libc++/libSystem/compiler runtime; no GGPO protocol logic
1002a298,__shift,undefined __shift(void),raw-c/1002a298___shift.c,docs/ggponet/native-runtime-mappings.md,native-runtime-mapped,Native runtime mapping: MSVC CRT/STL/compiler support helper supplied by libc++/libSystem/compiler runtime; no GGPO protocol logic
1002a2b7,__forcdecpt,void __cdecl __forcdecpt(char * _Buf),raw-c/1002a2b7___forcdecpt.c,docs/ggponet/native-runtime-mappings.md,native-runtime-mapped,Native runtime mapping: MSVC CRT/STL/compiler support helper supplied by libc++/libSystem/compiler runtime; no GGPO protocol logic
1002a2ca,__cropzeros,void __cdecl __cropzeros(char * _Buf),raw-c/1002a2ca___cropzeros.c,docs/ggponet/native-runtime-mappings.md,native-runtime-mapped,Native runtime mapping: MSVC CRT/STL/compiler support helper supplied by libc++/libSystem/compiler runtime; no GGPO protocol logic
1002a2dd,__cftoe2_l,undefined __cftoe2_l(void),raw-c/1002a2dd___cftoe2_l.c,docs/ggponet/native-runtime-mappings.md,native-runtime-mapped,Native runtime mapping: MSVC CRT/STL/compiler support helper supplied by libc++/libSystem/compiler runtime; no GGPO protocol logic
1002a44c,__cftoe_l,undefined __cftoe_l(void),raw-c/1002a44c___cftoe_l.c,docs/ggponet/native-runtime-mappings.md,native-runtime-mapped,Native runtime mapping: MSVC CRT/STL/compiler support helper supplied by libc++/libSystem/compiler runtime; no GGPO protocol logic
1002a51c,__cftoe,"errno_t __cdecl __cftoe(double * _Value, char * _Buf, size_t _SizeInBytes, int _Dec, int _Caps)",raw-c/1002a51c___cftoe.c,docs/ggponet/native-runtime-mappings.md,native-runtime-mapped,Native runtime mapping: clearly named MSVC CRT/STL/compiler support helper supplied by libc++/libSystem/compiler runtime; no GGPO protocol logic
1002a53c,__cftoa_l,undefined __cftoa_l(void),raw-c/1002a53c___cftoa_l.c,docs/ggponet/native-runtime-mappings.md,native-runtime-mapped,Native runtime mapping: MSVC CRT/STL/compiler support helper supplied by libc++/libSystem/compiler runtime; no GGPO protocol logic
1002a8af,__cftof2_l,undefined __cftof2_l(void),raw-c/1002a8af___cftof2_l.c,docs/ggponet/native-runtime-mappings.md,native-runtime-mapped,Native runtime mapping: MSVC CRT/STL/compiler support helper supplied by libc++/libSystem/compiler runtime; no GGPO protocol logic
1002a9a6,__cftof_l,undefined __cftof_l(void),raw-c/1002a9a6___cftof_l.c,docs/ggponet/native-runtime-mappings.md,native-runtime-mapped,Native runtime mapping: MSVC CRT/STL/compiler support helper supplied by libc++/libSystem/compiler runtime; no GGPO protocol logic
1002aa61,__cftog_l,undefined __cftog_l(void),raw-c/1002aa61___cftog_l.c,docs/ggponet/native-runtime-mappings.md,native-runtime-mapped,Native runtime mapping: MSVC CRT/STL/compiler support helper supplied by libc++/libSystem/compiler runtime; no GGPO protocol logic
1002ab5b,__cfltcvt_l,"errno_t __cdecl __cfltcvt_l(double * arg, char * buffer, size_t sizeInBytes, int format, int precision, int caps, _locale_t plocinfo)",raw-c/1002ab5b___cfltcvt_l.c,docs/ggponet/native-runtime-mappings.md,native-runtime-mapped,Native runtime mapping: clearly named MSVC CRT/STL/compiler support helper supplied by libc++/libSystem/compiler runtime; no GGPO protocol logic
1002abe3,__cfltcvt,"errno_t __cdecl __cfltcvt(double * arg, char * buffer, size_t sizeInBytes, int format, int precision, int caps)",raw-c/1002abe3___cfltcvt.c,docs/ggponet/native-runtime-mappings.md,native-runtime-mapped,Native runtime mapping: clearly named MSVC CRT/STL/compiler support helper supplied by libc++/libSystem/compiler runtime; no GGPO protocol logic
1002ac06,__setdefaultprecision,undefined __setdefaultprecision(void),raw-c/1002ac06___setdefaultprecision.c,docs/ggponet/native-runtime-mappings.md,native-runtime-mapped,Native runtime mapping: MSVC CRT/STL/compiler support helper supplied by libc++/libSystem/compiler runtime; no GGPO protocol logic
1002ac31,__ms_p5_test_fdiv,undefined __ms_p5_test_fdiv(void),raw-c/1002ac31___ms_p5_test_fdiv.c,docs/ggponet/native-runtime-mappings.md,native-runtime-mapped,Native runtime mapping: MSVC CRT/STL/compiler support helper supplied by libc++/libSystem/compiler runtime; no GGPO protocol logic
1002ac6f,__ms_p5_mp_test_fdiv,undefined __ms_p5_mp_test_fdiv(void),raw-c/1002ac6f___ms_p5_mp_test_fdiv.c,docs/ggponet/native-runtime-mappings.md,native-runtime-mapped,Native runtime mapping: MSVC CRT/STL/compiler support helper supplied by libc++/libSystem/compiler runtime; no GGPO protocol logic
1002aca0,_strrchr,"char * __cdecl _strrchr(char * _Str, int _Ch)",raw-c/1002aca0__strrchr.c,docs/ggponet/native-runtime-mappings.md,native-runtime-mapped,Native runtime mapping: clearly named MSVC CRT/STL/compiler support helper supplied by libc++/libSystem/compiler runtime; no GGPO protocol logic
1002accd,FID_conflict:__atoflt_l,"int __cdecl FID_conflict:__atoflt_l(_CRT_FLOAT * _Result, char * _Str, _locale_t _Locale)",raw-c/1002accd_FID_conflict___atoflt_l.c,docs/ggponet/native-runtime-mappings.md,native-runtime-mapped,Native runtime mapping: clearly named MSVC CRT/STL/compiler support helper supplied by libc++/libSystem/compiler runtime; no GGPO protocol logic
1002ad75,FID_conflict:__atoflt_l,"int __cdecl FID_conflict:__atoflt_l(_CRT_FLOAT * _Result, char * _Str, _locale_t _Locale)",raw-c/1002ad75_FID_conflict___atoflt_l.c,docs/ggponet/native-runtime-mappings.md,native-runtime-mapped,Native runtime mapping: clearly named MSVC CRT/STL/compiler support helper supplied by libc++/libSystem/compiler runtime; no GGPO protocol logic
1002ae1d,__fptostr,"errno_t __cdecl __fptostr(char * _Buf, size_t _SizeInBytes, int _Digits, STRFLT _PtFlt)",raw-c/1002ae1d___fptostr.c,docs/ggponet/native-runtime-mappings.md,native-runtime-mapped,Native runtime mapping: clearly named MSVC CRT/STL/compiler support helper supplied by libc++/libSystem/compiler runtime; no GGPO protocol logic
1002aedc,___dtold,undefined ___dtold(void),raw-c/1002aedc____dtold.c,docs/ggponet/native-runtime-mappings.md,native-runtime-mapped,Native runtime mapping: MSVC CRT/STL/compiler support helper supplied by libc++/libSystem/compiler runtime; no GGPO protocol logic
1002af99,__fltout2,"STRFLT __cdecl __fltout2(_CRT_DOUBLE _Dbl, STRFLT _Flt, char * _ResultStr, size_t _SizeInBytes)",raw-c/1002af99___fltout2.c,docs/ggponet/native-runtime-mappings.md,native-runtime-mapped,Native runtime mapping: clearly named MSVC CRT/STL/compiler support helper supplied by libc++/libSystem/compiler runtime; no GGPO protocol logic
1002b030,__alldvrm,undefined __alldvrm(void),raw-c/1002b030___alldvrm.c,docs/ggponet/native-runtime-mappings.md,native-runtime-mapped,Native runtime mapping: MSVC CRT/STL/compiler support helper supplied by libc++/libSystem/compiler runtime; no GGPO protocol logic
1002b110,__aullshr,undefined __aullshr(void),raw-c/1002b110___aullshr.c,docs/ggponet/native-runtime-mappings.md,native-runtime-mapped,Native runtime mapping: MSVC CRT/STL/compiler support helper supplied by libc++/libSystem/compiler runtime; no GGPO protocol logic
1002b12f,__controlfp_s,"errno_t __cdecl __controlfp_s(uint * _CurrentState, uint _NewValue, uint _Mask)",raw-c/1002b12f___controlfp_s.c,docs/ggponet/native-runtime-mappings.md,native-runtime-mapped,Native runtime mapping: clearly named MSVC CRT/STL/compiler support helper supplied by libc++/libSystem/compiler runtime; no GGPO protocol logic
1002b19b,FID_conflict:__ld12tod,"INTRNCVT_STATUS __cdecl FID_conflict:__ld12tod(_LDBL12 * _Ifp, _CRT_DOUBLE * _D)",raw-c/1002b19b_FID_conflict___ld12tod.c,docs/ggponet/native-runtime-mappings.md,native-runtime-mapped,Native runtime mapping: clearly named MSVC CRT/STL/compiler support helper supplied by libc++/libSystem/compiler runtime; no GGPO protocol logic
1002b6df,FID_conflict:__ld12tod,"INTRNCVT_STATUS __cdecl FID_conflict:__ld12tod(_LDBL12 * _Ifp, _CRT_DOUBLE * _D)",raw-c/1002b6df_FID_conflict___ld12tod.c,docs/ggponet/native-runtime-mappings.md,native-runtime-mapped,Native runtime mapping: clearly named MSVC CRT/STL/compiler support helper supplied by libc++/libSystem/compiler runtime; no GGPO protocol logic
1002bc23,___strgtold12_l,"uint __cdecl ___strgtold12_l(_LDBL12 * pld12, char * * p_end_ptr, char * str, int mult12, int scale, int decpt, int implicit_E, _locale_t _Locale)",raw-c/1002bc23____strgtold12_l.c,docs/ggponet/native-runtime-mappings.md,native-runtime-mapped,Native runtime mapping: clearly named MSVC CRT/STL/compiler support helper supplied by libc++/libSystem/compiler runtime; no GGPO protocol logic
1002c31b,$I10_OUTPUT,undefined __cdecl $I10_OUTPUT(void),raw-c/1002c31b_$I10_OUTPUT.c,docs/ggponet/native-runtime-mappings.md,native-runtime-mapped,Native runtime mapping: directly evidenced MSVC STL/CRT/compiler support helper supplied by libc++/libSystem/compiler runtime; no GGPO protocol logic
1002cc3f,__hw_cw,undefined __hw_cw(void),raw-c/1002cc3f___hw_cw.c,docs/ggponet/native-runtime-mappings.md,native-runtime-mapped,Native runtime mapping: MSVC CRT/STL/compiler support helper supplied by libc++/libSystem/compiler runtime; no GGPO protocol logic
1002cccd,___hw_cw_sse2,undefined ___hw_cw_sse2(void),raw-c/1002cccd____hw_cw_sse2.c,docs/ggponet/native-runtime-mappings.md,native-runtime-mapped,Native runtime mapping: MSVC CRT/STL/compiler support helper supplied by libc++/libSystem/compiler runtime; no GGPO protocol logic
1002cd6d,__control87,"uint __cdecl __control87(uint _NewValue, uint _Mask)",raw-c/1002cd6d___control87.c,docs/ggponet/native-runtime-mappings.md,native-runtime-mapped,Native runtime mapping: clearly named MSVC CRT/STL/compiler support helper supplied by libc++/libSystem/compiler runtime; no GGPO protocol logic
1002d07c,___mtold12,undefined ___mtold12(void),raw-c/1002d07c____mtold12.c,docs/ggponet/native-runtime-mappings.md,native-runtime-mapped,Native runtime mapping: MSVC CRT/STL/compiler support helper supplied by libc++/libSystem/compiler runtime; no GGPO protocol logic
1002d24a,___set_fpsr_sse2,undefined ___set_fpsr_sse2(void),raw-c/1002d24a____set_fpsr_sse2.c,docs/ggponet/native-runtime-mappings.md,native-runtime-mapped,Native runtime mapping: MSVC CRT/STL/compiler support helper supplied by libc++/libSystem/compiler runtime; no GGPO protocol logic
1002d2c0,Unwind@1002d2c0,undefined Unwind@1002d2c0(void),raw-c/1002d2c0_Unwind@1002d2c0.c,docs/ggponet/native-runtime-mappings.md,native-runtime-mapped,Native runtime mapping: MSVC CRT/STL/compiler support helper supplied by libc++/libSystem/compiler runtime; no GGPO protocol logic
1002d3c0,Unwind@1002d3c0,undefined Unwind@1002d3c0(void),raw-c/1002d3c0_Unwind@1002d3c0.c,docs/ggponet/native-runtime-mappings.md,native-runtime-mapped,Native runtime mapping: MSVC CRT/STL/compiler support helper supplied by libc++/libSystem/compiler runtime; no GGPO protocol logic
1002d470,Unwind@1002d470,undefined Unwind@1002d470(void),raw-c/1002d470_Unwind@1002d470.c,docs/ggponet/native-runtime-mappings.md,native-runtime-mapped,Native runtime mapping: MSVC CRT/STL/compiler support helper supplied by libc++/libSystem/compiler runtime; no GGPO protocol logic
1002d4a0,Unwind@1002d4a0,undefined Unwind@1002d4a0(void),raw-c/1002d4a0_Unwind@1002d4a0.c,docs/ggponet/native-runtime-mappings.md,native-runtime-mapped,Native runtime mapping: MSVC CRT/STL/compiler support helper supplied by libc++/libSystem/compiler runtime; no GGPO protocol logic
1002d4c9,Unwind@1002d4c9,undefined Unwind@1002d4c9(void),raw-c/1002d4c9_Unwind@1002d4c9.c,docs/ggponet/native-runtime-mappings.md,native-runtime-mapped,Native runtime mapping: MSVC CRT/STL/compiler support helper supplied by libc++/libSystem/compiler runtime; no GGPO protocol logic
1002d4ef,Unwind@1002d4ef,undefined Unwind@1002d4ef(void),raw-c/1002d4ef_Unwind@1002d4ef.c,docs/ggponet/native-runtime-mappings.md,native-runtime-mapped,Native runtime mapping: MSVC CRT/STL/compiler support helper supplied by libc++/libSystem/compiler runtime; no GGPO protocol logic
1002d4fa,Unwind@1002d4fa,undefined Unwind@1002d4fa(void),raw-c/1002d4fa_Unwind@1002d4fa.c,docs/ggponet/native-runtime-mappings.md,native-runtime-mapped,Native runtime mapping: MSVC CRT/STL/compiler support helper supplied by libc++/libSystem/compiler runtime; no GGPO protocol logic
1002d523,Unwind@1002d523,undefined Unwind@1002d523(void),raw-c/1002d523_Unwind@1002d523.c,docs/ggponet/native-runtime-mappings.md,native-runtime-mapped,Native runtime mapping: MSVC CRT/STL/compiler support helper supplied by libc++/libSystem/compiler runtime; no GGPO protocol logic
1002d52e,Unwind@1002d52e,undefined Unwind@1002d52e(void),raw-c/1002d52e_Unwind@1002d52e.c,docs/ggponet/native-runtime-mappings.md,native-runtime-mapped,Native runtime mapping: MSVC CRT/STL/compiler support helper supplied by libc++/libSystem/compiler runtime; no GGPO protocol logic
1002d539,Unwind@1002d539,undefined Unwind@1002d539(void),raw-c/1002d539_Unwind@1002d539.c,docs/ggponet/native-runtime-mappings.md,native-runtime-mapped,Native runtime mapping: MSVC CRT/STL/compiler support helper supplied by libc++/libSystem/compiler runtime; no GGPO protocol logic
1002d544,Unwind@1002d544,undefined Unwind@1002d544(void),raw-c/1002d544_Unwind@1002d544.c,docs/ggponet/native-runtime-mappings.md,native-runtime-mapped,Native runtime mapping: MSVC CRT/STL/compiler support helper supplied by libc++/libSystem/compiler runtime; no GGPO protocol logic
1002d54f,Unwind@1002d54f,undefined Unwind@1002d54f(void),raw-c/1002d54f_Unwind@1002d54f.c,docs/ggponet/native-runtime-mappings.md,native-runtime-mapped,Native runtime mapping: MSVC CRT/STL/compiler support helper supplied by libc++/libSystem/compiler runtime; no GGPO protocol logic
1002d578,Unwind@1002d578,undefined Unwind@1002d578(void),raw-c/1002d578_Unwind@1002d578.c,docs/ggponet/native-runtime-mappings.md,native-runtime-mapped,Native runtime mapping: MSVC CRT/STL/compiler support helper supplied by libc++/libSystem/compiler runtime; no GGPO protocol logic
1002d586,Unwind@1002d586,undefined Unwind@1002d586(void),raw-c/1002d586_Unwind@1002d586.c,docs/ggponet/native-runtime-mappings.md,native-runtime-mapped,Native runtime mapping: MSVC CRT/STL/compiler support helper supplied by libc++/libSystem/compiler runtime; no GGPO protocol logic
1002d5af,Unwind@1002d5af,undefined Unwind@1002d5af(void),raw-c/1002d5af_Unwind@1002d5af.c,docs/ggponet/native-runtime-mappings.md,native-runtime-mapped,Native runtime mapping: MSVC CRT/STL/compiler support helper supplied by libc++/libSystem/compiler runtime; no GGPO protocol logic
1002d5ba,Unwind@1002d5ba,undefined Unwind@1002d5ba(void),raw-c/1002d5ba_Unwind@1002d5ba.c,docs/ggponet/native-runtime-mappings.md,native-runtime-mapped,Native runtime mapping: MSVC CRT/STL/compiler support helper supplied by libc++/libSystem/compiler runtime; no GGPO protocol logic
1002d5e3,Unwind@1002d5e3,undefined Unwind@1002d5e3(void),raw-c/1002d5e3_Unwind@1002d5e3.c,docs/ggponet/native-runtime-mappings.md,native-runtime-mapped,Native runtime mapping: MSVC CRT/STL/compiler support helper supplied by libc++/libSystem/compiler runtime; no GGPO protocol logic
1002d609,Unwind@1002d609,undefined Unwind@1002d609(void),raw-c/1002d609_Unwind@1002d609.c,docs/ggponet/native-runtime-mappings.md,native-runtime-mapped,Native runtime mapping: MSVC CRT/STL/compiler support helper supplied by libc++/libSystem/compiler runtime; no GGPO protocol logic
1002d63c,Unwind@1002d63c,undefined Unwind@1002d63c(void),raw-c/1002d63c_Unwind@1002d63c.c,docs/ggponet/native-runtime-mappings.md,native-runtime-mapped,Native runtime mapping: MSVC CRT/STL/compiler support helper supplied by libc++/libSystem/compiler runtime; no GGPO protocol logic
1002d647,Unwind@1002d647,undefined Unwind@1002d647(void),raw-c/1002d647_Unwind@1002d647.c,docs/ggponet/native-runtime-mappings.md,native-runtime-mapped,Native runtime mapping: MSVC CRT/STL/compiler support helper supplied by libc++/libSystem/compiler runtime; no GGPO protocol logic
1002d670,Unwind@1002d670,undefined Unwind@1002d670(void),raw-c/1002d670_Unwind@1002d670.c,docs/ggponet/native-runtime-mappings.md,native-runtime-mapped,Native runtime mapping: MSVC CRT/STL/compiler support helper supplied by libc++/libSystem/compiler runtime; no GGPO protocol logic
1002d67b,Unwind@1002d67b,undefined Unwind@1002d67b(void),raw-c/1002d67b_Unwind@1002d67b.c,docs/ggponet/native-runtime-mappings.md,native-runtime-mapped,Native runtime mapping: MSVC CRT/STL/compiler support helper supplied by libc++/libSystem/compiler runtime; no GGPO protocol logic
1002d6a4,Unwind@1002d6a4,undefined Unwind@1002d6a4(void),raw-c/1002d6a4_Unwind@1002d6a4.c,docs/ggponet/native-runtime-mappings.md,native-runtime-mapped,Native runtime mapping: MSVC CRT/STL/compiler support helper supplied by libc++/libSystem/compiler runtime; no GGPO protocol logic
1002d6af,Unwind@1002d6af,undefined Unwind@1002d6af(void),raw-c/1002d6af_Unwind@1002d6af.c,docs/ggponet/native-runtime-mappings.md,native-runtime-mapped,Native runtime mapping: MSVC CRT/STL/compiler support helper supplied by libc++/libSystem/compiler runtime; no GGPO protocol logic
1002d6bd,Unwind@1002d6bd,undefined Unwind@1002d6bd(void),raw-c/1002d6bd_Unwind@1002d6bd.c,docs/ggponet/native-runtime-mappings.md,native-runtime-mapped,Native runtime mapping: MSVC CRT/STL/compiler support helper supplied by libc++/libSystem/compiler runtime; no GGPO protocol logic
1002d6e6,Unwind@1002d6e6,undefined Unwind@1002d6e6(void),raw-c/1002d6e6_Unwind@1002d6e6.c,docs/ggponet/native-runtime-mappings.md,native-runtime-mapped,Native runtime mapping: MSVC CRT/STL/compiler support helper supplied by libc++/libSystem/compiler runtime; no GGPO protocol logic
1002d6f1,Unwind@1002d6f1,undefined Unwind@1002d6f1(void),raw-c/1002d6f1_Unwind@1002d6f1.c,docs/ggponet/native-runtime-mappings.md,native-runtime-mapped,Native runtime mapping: MSVC CRT/STL/compiler support helper supplied by libc++/libSystem/compiler runtime; no GGPO protocol logic
1002d6ff,Unwind@1002d6ff,undefined Unwind@1002d6ff(void),raw-c/1002d6ff_Unwind@1002d6ff.c,docs/ggponet/native-runtime-mappings.md,native-runtime-mapped,Native runtime mapping: MSVC CRT/STL/compiler support helper supplied by libc++/libSystem/compiler runtime; no GGPO protocol logic
1002d70d,Unwind@1002d70d,undefined Unwind@1002d70d(void),raw-c/1002d70d_Unwind@1002d70d.c,docs/ggponet/native-runtime-mappings.md,native-runtime-mapped,Native runtime mapping: MSVC CRT/STL/compiler support helper supplied by libc++/libSystem/compiler runtime; no GGPO protocol logic
1002d736,Unwind@1002d736,undefined Unwind@1002d736(void),raw-c/1002d736_Unwind@1002d736.c,docs/ggponet/native-runtime-mappings.md,native-runtime-mapped,Native runtime mapping: MSVC CRT/STL/compiler support helper supplied by libc++/libSystem/compiler runtime; no GGPO protocol logic
1002d759,Unwind@1002d759,undefined Unwind@1002d759(void),raw-c/1002d759_Unwind@1002d759.c,docs/ggponet/native-runtime-mappings.md,native-runtime-mapped,Native runtime mapping: MSVC CRT/STL/compiler support helper supplied by libc++/libSystem/compiler runtime; no GGPO protocol logic
1002d761,Unwind@1002d761,undefined Unwind@1002d761(void),raw-c/1002d761_Unwind@1002d761.c,docs/ggponet/native-runtime-mappings.md,native-runtime-mapped,Native runtime mapping: MSVC CRT/STL/compiler support helper supplied by libc++/libSystem/compiler runtime; no GGPO protocol logic
1002d76f,Unwind@1002d76f,undefined Unwind@1002d76f(void),raw-c/1002d76f_Unwind@1002d76f.c,docs/ggponet/native-runtime-mappings.md,native-runtime-mapped,Native runtime mapping: MSVC CRT/STL/compiler support helper supplied by libc++/libSystem/compiler runtime; no GGPO protocol logic
1002d77d,Unwind@1002d77d,undefined Unwind@1002d77d(void),raw-c/1002d77d_Unwind@1002d77d.c,docs/ggponet/native-runtime-mappings.md,native-runtime-mapped,Native runtime mapping: MSVC CRT/STL/compiler support helper supplied by libc++/libSystem/compiler runtime; no GGPO protocol logic
1002d7b0,Unwind@1002d7b0,undefined Unwind@1002d7b0(void),raw-c/1002d7b0_Unwind@1002d7b0.c,docs/ggponet/native-runtime-mappings.md,native-runtime-mapped,Native runtime mapping: MSVC CRT/STL/compiler support helper supplied by libc++/libSystem/compiler runtime; no GGPO protocol logic
1002d800,Unwind@1002d800,undefined Unwind@1002d800(void),raw-c/1002d800_Unwind@1002d800.c,docs/ggponet/native-runtime-mappings.md,native-runtime-mapped,Native runtime mapping: MSVC CRT/STL/compiler support helper supplied by libc++/libSystem/compiler runtime; no GGPO protocol logic
1002d870,Unwind@1002d870,undefined Unwind@1002d870(void),raw-c/1002d870_Unwind@1002d870.c,docs/ggponet/native-runtime-mappings.md,native-runtime-mapped,Native runtime mapping: MSVC CRT/STL/compiler support helper supplied by libc++/libSystem/compiler runtime; no GGPO protocol logic
1002d8a0,Unwind@1002d8a0,undefined Unwind@1002d8a0(void),raw-c/1002d8a0_Unwind@1002d8a0.c,docs/ggponet/native-runtime-mappings.md,native-runtime-mapped,Native runtime mapping: MSVC CRT/STL/compiler support helper supplied by libc++/libSystem/compiler runtime; no GGPO protocol logic
1002d8d0,Unwind@1002d8d0,undefined Unwind@1002d8d0(void),raw-c/1002d8d0_Unwind@1002d8d0.c,docs/ggponet/native-runtime-mappings.md,native-runtime-mapped,Native runtime mapping: MSVC CRT/STL/compiler support helper supplied by libc++/libSystem/compiler runtime; no GGPO protocol logic
1002d900,Unwind@1002d900,undefined Unwind@1002d900(void),raw-c/1002d900_Unwind@1002d900.c,docs/ggponet/native-runtime-mappings.md,native-runtime-mapped,Native runtime mapping: MSVC CRT/STL/compiler support helper supplied by libc++/libSystem/compiler runtime; no GGPO protocol logic
1002d930,Unwind@1002d930,undefined Unwind@1002d930(void),raw-c/1002d930_Unwind@1002d930.c,docs/ggponet/native-runtime-mappings.md,native-runtime-mapped,Native runtime mapping: MSVC CRT/STL/compiler support helper supplied by libc++/libSystem/compiler runtime; no GGPO protocol logic
1002d960,Unwind@1002d960,undefined Unwind@1002d960(void),raw-c/1002d960_Unwind@1002d960.c,docs/ggponet/native-runtime-mappings.md,native-runtime-mapped,Native runtime mapping: MSVC CRT/STL/compiler support helper supplied by libc++/libSystem/compiler runtime; no GGPO protocol logic
